"mean";"sd";"2.5%";"25%";"50%";"75%";"97.5%"
"logit_int_MC[1]";0.3176658797;0.333122231734949;-0.278655;0.08304;0.30345;0.531675;0.9948325
"logit_int_MC[2]";-0.2470674811;0.304522884433463;-0.836935;-0.4364;-0.24185;-0.0534025;0.368235
"logit_flow_MC[1]";-0.93580448;0.363379857488769;-1.668025;-1.171;-0.92005;-0.6792;-0.2831075
"logit_flow_MC[2]";-1.0770531;0.314676212747737;-1.697325;-1.2725;-1.077;-0.86345;-0.49666
"sigmap_eff[1]";1.777314;0.311555118712558;1.293;1.5562494574826;1.73049992776654;1.951;2.55842362906445
"sigmap_eff[2]";1.2031476;0.240703745561567;0.808797499849301;1.02449963372936;1.182;1.359;1.71607493615302
"shape_lambda";3.671221;0.94472849331704;2.06477452056697;2.917;3.59949968745658;4.325;5.53729968349286
"rate_lambda";0.016875784;0.00468973841143743;0.00931024881945309;0.0132024936043186;0.0163249992343032;0.0201099925459648;0.0265002499540208
"s[1]";13.677316;3.17036566354491;8.63394750227668;11.567499189306;13.1949990526714;15.4924993949986;21.47
"s[2]";7.579374;1.70260359776876;4.76089995901955;6.39149712298656;7.443;8.61649995648221;11.3807490378075
"s[3]";1.0843378;0.237637204814971;0.685934879601094;0.917424949915047;1.05349988134788;1.227;1.61654638217063
"s[4]";3.141731;0.690093561600717;1.994;2.66574996482726;3.084;3.49224782740775;4.78279740165356
"Plambda[1,1]";0.535887;0.0357195139199104;0.467769962420491;0.5106;0.5372;0.558424998321271;0.607324979953393
"Plambda[1,2]";0.2313755;0.0252393850223476;0.1831;0.2127;0.2321;0.24852499622825;0.2829
"Plambda[1,3]";0.06312855;0.0149156079446283;0.0400097499695338;0.0517349992750588;0.0614699967463802;0.0723174936498516;0.095183711408508
"Plambda[1,4]";0.1696081;0.0255686299834236;0.12448747546221;0.1512;0.167499970149251;0.186024994961258;0.22320749509003
"Plambda[2,1]";0.4882023;0.035548664000525;0.414184989397179;0.464974997983618;0.48754999743616;0.512424998170583;0.552702499779518
"Plambda[2,2]";0.2428143;0.0252692219723736;0.191864874919988;0.226374995858032;0.243549994867584;0.26002499639504;0.291507496239683
"Plambda[2,3]";0.13939918;0.0267114014738332;0.0934881507420151;0.1204;0.137149990885891;0.156524994011817;0.195379367793145
"Plambda[2,4]";0.12958687;0.026489094148572;0.0830704787531013;0.1118;0.1272;0.146249974370654;0.187302499349535
"Plambda[3,1]";0.6853471;0.0580112354206065;0.553787494494967;0.651649948192491;0.690399992757821;0.724999979314149;0.781512496102889
"Plambda[3,2]";0.17738855;0.0378535449180174;0.108574887091249;0.150474993768349;0.176099971607039;0.200024995313867;0.256442363225865
"Plambda[3,3]";0.042516679;0.0372562372656533;0.00434574971914419;0.0183224953924907;0.0324549811277098;0.0543849993105562;0.146309986695166
"Plambda[3,4]";0.09474599;0.0470870889370373;0.032247746933318;0.0620074998488005;0.0851449928063888;0.113924991773309;0.217114979827114
"Plambda[4,1]";0.505525;0.0712198046583643;0.37527246063045;0.456274997945168;0.5046;0.554899972974595;0.6475
"Plambda[4,2]";0.1642029;0.0450323906782685;0.0925668878552729;0.131649971500946;0.160149929753341;0.192349980511042;0.2583224618688
"Plambda[4,3]";0.05391072;0.0178850902747438;0.0252054842625534;0.0405374997687136;0.0522549806238601;0.065497482690324;0.095402468168552
"Plambda[4,4]";0.276364;0.0536005838269192;0.176664864103928;0.2395;0.272499926605495;0.311699951897376;0.3896
"Plambda[5,1]";0.6172012;0.0319860623826495;0.556989996497446;0.595674998426067;0.615849997970285;0.6393;0.683107498394733
"Plambda[5,2]";0.17599909;0.0262355427879295;0.125984965069021;0.158199905103295;0.177149992943833;0.1931;0.232012486885522
"Plambda[5,3]";0.09127045;0.0191790954165857;0.0551864956645285;0.0781974998801062;0.0907649932518039;0.102249963349071;0.134827391185978
"Plambda[5,4]";0.11552983;0.0228360576676645;0.0738897221754719;0.0992874976390346;0.114149989049496;0.130399885086758;0.162002499247991
"Plambda[6,1]";0.60041;0.0404794452220567;0.509584991383627;0.577724985392772;0.6031;0.6269;0.67390499927674
"Plambda[6,2]";0.2920296;0.0313120092898199;0.226292495148771;0.272574996560159;0.2913;0.314124997015836;0.352102499653927
"Plambda[6,3]";0.040813299;0.028489734651873;0.00953736072572104;0.0233674995987445;0.03328;0.0477974762852487;0.126402499036301
"Plambda[6,4]";0.0667492;0.0280886785096847;0.0263997499538237;0.0460199967396028;0.0615649997969626;0.0828999837231713;0.137212477845592
"Plambda[7,1]";0.5461354;0.0808292403337612;0.38866493839904;0.491074998090793;0.544699990820635;0.610624740716172;0.686802499822564
"Plambda[7,2]";0.3686481;0.0834298370734601;0.229284980832652;0.3053;0.36864999660925;0.421149991097218;0.553294683304957
"Plambda[7,3]";0.0306264928;0.0240945175351726;0.0035417159671632;0.0142874993436789;0.0237447215186871;0.0428049921190884;0.0801744950817974
"Plambda[7,4]";0.054589083;0.0302362463893226;0.0121982450864513;0.0320299812519458;0.0474899831543453;0.0722149870239206;0.126414965396857
"Plambda[8,1]";0.5424432;0.064285422058576;0.428897499715799;0.4982;0.539349997682395;0.5848;0.671514993469961
"Plambda[8,2]";0.2602427;0.0556191216525702;0.147587479311063;0.224874995830399;0.258849763376365;0.299224921716245;0.370902499671466
"Plambda[8,3]";0.049462043;0.0443154196104968;0.00506956713317387;0.02134;0.0404849972211929;0.0624224878407574;0.143817458603574
"Plambda[8,4]";0.14785371;0.0537680844092194;0.0549121981276497;0.1065;0.145599862637298;0.18514997975344;0.253919969342819
"Plambda[9,1]";0.4739296;0.0703101231492113;0.347964931175416;0.426749991211281;0.4744;0.5164;0.61340499920542
"Plambda[9,2]";0.287674;0.0551868701289957;0.180372417924933;0.248399939581086;0.2856;0.325574974092269;0.3955
"Plambda[9,3]";0.111780904;0.0572628798990683;0.031236743388772;0.0719499979148324;0.0954498486117186;0.140124993311136;0.251729930492208
"Plambda[9,4]";0.12661554;0.0475012018867848;0.0537087494323695;0.0899424990617963;0.1201;0.155824993984922;0.233627437066272
"Plambda[10,1]";0.6595042;0.0522361474216606;0.54918749444883;0.623749993987333;0.6623;0.696349994615293;0.744984811430283
"Plambda[10,2]";0.21511279;0.0407675336133155;0.136572391467607;0.188474995024986;0.21354999414657;0.24252499613495;0.3013
"Plambda[10,3]";0.027447441;0.0197673932094957;0.00308424642156137;0.012414996977837;0.0228799978146852;0.0383049755466577;0.0746417492004032
"Plambda[10,4]";0.09793544;0.0450854509958357;0.0347457398314458;0.0653574998565509;0.0914199950776634;0.120024992191296;0.21204977146539
"Plambda[11,1]";0.4539072;0.0700573053592143;0.320077469102824;0.408999963313221;0.4513;0.498249992474665;0.58990249979342
"Plambda[11,2]";0.4358841;0.0700032590203018;0.306362410213524;0.38959996148579;0.43709998856097;0.479949992187771;0.585104999166997
"Plambda[11,3]";0.015107069;0.0126358719631972;0.000511114917304745;0.00523373490761105;0.0119449738383975;0.021749993107672;0.0478839934980092
"Plambda[11,4]";0.09510326;0.0423805498475159;0.031673725830196;0.06379;0.087979994885201;0.1195;0.193702499371019
"Plambda[12,1]";0.5627534;0.0376134004888728;0.484297499748314;0.538699972148294;0.5632;0.5869;0.632609996918766
"Plambda[12,2]";0.3761281;0.0356421646970873;0.309287490138631;0.3526;0.3726;0.399724997654833;0.445302499726349
"Plambda[12,3]";0.008388186046;0.00786797761825639;0.000157736683277134;0.00248574361502781;0.00578799576710281;0.0122424992344334;0.029002993964711
"Plambda[12,4]";0.052729671;0.0271673157543777;0.0170494997138553;0.0336974774448554;0.0471649976147566;0.0652149994250377;0.122727380518205
"Plambda[13,1]";0.5443051;0.0446233930937709;0.457384990399448;0.515999970922718;0.546849997714181;0.575024998369731;0.627719987584098
"Plambda[13,2]";0.4209064;0.0410614898047427;0.342897499644507;0.394149990484246;0.4195;0.444774981033998;0.515047414776102
"Plambda[13,3]";0.00753899177063;0.00856519299246857;7.13456942171299e-05;0.00189773568039666;0.00455249777594674;0.0100349962655593;0.0308509643947742
"Plambda[13,4]";0.027249002;0.0188645884238803;0.0055967813076468;0.0138949972998917;0.0217897705357353;0.035259982996405;0.0813524985030552
"Plambda[14,1]";0.5075485;0.0593953717720324;0.392162429905364;0.4662;0.50924999754541;0.547749993154644;0.61731749033303
"Plambda[14,2]";0.2808325;0.0483558155618189;0.192689989866794;0.246174996191218;0.277899928031657;0.3147;0.375117484098778
"Plambda[14,3]";0.02681216655;0.0271022517099577;0.000929915813501265;0.00797099830550999;0.0178699888080547;0.0363324935521211;0.106317444062918
"Plambda[14,4]";0.18480636;0.0619579209602785;0.0819588835954409;0.1411;0.1787;0.221349983063605;0.320909993928323
"Plambda[15,1]";0.5496459;0.0533428278259643;0.438892497499729;0.513349992694094;0.5525;0.585874985600921;0.654804999255648
"Plambda[15,2]";0.2834755;0.0510542017983953;0.185997499344526;0.248024965967527;0.2816;0.319724997068098;0.3832
"Plambda[15,3]";0.041595288;0.0190609892188485;0.0145869879056802;0.0276774996612364;0.0382649918332671;0.0531824998237312;0.0850801623476805
"Plambda[15,4]";0.12528413;0.0395637847141044;0.0630318023281478;0.0961374999024801;0.120449906600213;0.149624993735731;0.211904997700815
"Plambda[16,1]";0.5764793;0.0488846195396623;0.48518749371611;0.542474998271704;0.579349980581686;0.611749993870713;0.662714993383301
"Plambda[16,2]";0.2749278;0.0350130953216651;0.209032071451623;0.250074996250625;0.276449959305477;0.300424996879767;0.3369
"Plambda[16,3]";0.047264007;0.0303274331506057;0.00710744111828057;0.0256224820550718;0.0405549627049514;0.0639324998533686;0.1196
"Plambda[16,4]";0.10133049;0.0434748198526586;0.0308604425245004;0.0707849952306929;0.0958249842160175;0.1272;0.195007494380691
"Plambda[17,1]";0.5097323;0.0444032818398387;0.424887492823635;0.479774998045823;0.507099990140012;0.540824998266644;0.594904999180716
"Plambda[17,2]";0.4251584;0.0437601336691142;0.346884987337843;0.395574997629833;0.423649997049451;0.4565;0.513219984816827
"Plambda[17,3]";0.024880331;0.0135826379094054;0.00683941788591177;0.0150674993776622;0.0228749994535519;0.0312374853050898;0.0607526980975479
"Plambda[17,4]";0.040230297;0.0195482632384166;0.0143279945367853;0.0268149986011812;0.0366149996586099;0.04856;0.0953702285765695
"Plambda[18,1]";0.5441013;0.0442740969865448;0.450597499729488;0.516049992732323;0.5466;0.574;0.624222484199752
"Plambda[18,2]";0.2805288;0.0317844090588329;0.220794997790802;0.2594;0.281;0.299749987492356;0.34771498739568
"Plambda[18,3]";0.06911922;0.0252856871404707;0.0274497499555904;0.05028;0.0662298912878467;0.085622431633848;0.121427379246322
"Plambda[18,4]";0.10624945;0.0312388028804387;0.0571227319988278;0.0828699837015553;0.10349995169081;0.124;0.176609988974535
"Plambda[19,1]";0.4979776;0.0425588678829157;0.419187492725979;0.4679;0.501;0.526474983976641;0.577919986515143
"Plambda[19,2]";0.3930168;0.0419565001598759;0.320284986284988;0.364074997424745;0.3884;0.421349991101443;0.4826
"Plambda[19,3]";0.00751884643;0.00538117256263711;0.000640707238633215;0.00338721597788045;0.00618499927243326;0.0105;0.0200922451006186
"Plambda[19,4]";0.1014863;0.0228709689066451;0.0621147413285912;0.0845799360946432;0.1001;0.115174926805435;0.1535
"Plambda[20,1]";0.4651644;0.0355128395712651;0.39469749969117;0.4412;0.466549997320759;0.489024998083051;0.535709996361691
"Plambda[20,2]";0.2590284;0.0293114375937758;0.199497499388896;0.239374996083005;0.2592;0.278874969755352;0.313702499611573
"Plambda[20,3]";0.05321092;0.0173527856588999;0.0242209341674672;0.0408024721733764;0.0513049802650776;0.0640224963401303;0.0892834973271876
"Plambda[20,4]";0.2225973;0.038541584768487;0.15498998739794;0.194849980747838;0.219799977252046;0.247074965864263;0.305322467727617
"Plambda[21,1]";0.5048861;0.0371833831270202;0.426954907265973;0.4817;0.505199990102929;0.52944999291807;0.575004999152368
"Plambda[21,2]";0.4194342;0.0328278905926159;0.352792496889202;0.398349990584592;0.419;0.440524997872018;0.485402499748952
"Plambda[21,3]";0.0197110462;0.0156258019714431;0.00330817096253352;0.009559997488138;0.0164699878567047;0.0247274965891862;0.0670274836816866
"Plambda[21,4]";0.05596679;0.02418385830256;0.0212287485625966;0.0392773505035321;0.0518149939689275;0.0680574503180388;0.114209982963965
"Plambda[22,1]";0.565882;0.043875566336189;0.485664950724879;0.535774998250089;0.563899991133179;0.5932;0.657262384385796
"Plambda[22,2]";0.2345256;0.0343791717772853;0.169287481968033;0.2119;0.2347;0.256324996343009;0.304762251352386
"Plambda[22,3]";0.008576162415;0.00746417459425852;0.000205648996315784;0.00272374913898651;0.00648599506629476;0.0124849251095484;0.0283326393755933
"Plambda[22,4]";0.1910183;0.0410441222964395;0.119697498981269;0.161974994210878;0.189;0.2164;0.280404998262228
"Plambda[23,1]";0.5060809;0.043211254062659;0.418084989496174;0.478724982371376;0.506099960482117;0.535649993000031;0.585009996668166
"Plambda[23,2]";0.3406848;0.0360990644118572;0.272697499552972;0.3155;0.34209998538439;0.366249989762955;0.407707497310905
"Plambda[23,3]";0.022106219;0.0156276976924371;0.00255085043133087;0.0099502465965365;0.0188799973516947;0.0303149987632606;0.0607534960738566
"Plambda[23,4]";0.13112936;0.0398021974885221;0.0687052435850481;0.1014;0.126899960598891;0.155749975933252;0.214414979573538
"Plambda[24,1]";0.5813708;0.0345206622689004;0.514654923103459;0.557174998317304;0.582;0.605399975228448;0.649814993252024
"Plambda[24,2]";0.3070081;0.0313299775276313;0.244039710537745;0.286674996729366;0.305449995907677;0.3286;0.364514987975991
"Plambda[24,3]";0.024072595;0.0158487996208671;0.00324068478115919;0.0114749967301258;0.0207599783236881;0.0338224930738533;0.0599219533754518
"Plambda[24,4]";0.08755063;0.0317177604920923;0.0416404574905697;0.065497475794125;0.0833149662425665;0.10402499099063;0.16030749316578
"Plambda[25,1]";0.4090465;0.0677226500151543;0.286287489345502;0.358999958201743;0.407849972416329;0.456849991792814;0.539624977441343
"Plambda[25,2]";0.3629601;0.0574546619184742;0.24358999198641;0.3262;0.3607;0.4012249976636;0.476117487468807
"Plambda[25,3]";0.0340724976;0.0252024887346503;0.00418084989496174;0.0139699569685967;0.0283649008459399;0.0473673954690864;0.103139700437673
"Plambda[25,4]";0.19392096;0.0670333976169676;0.0925024881177993;0.144649974063398;0.185349993256002;0.2292;0.359214987798772
"Plambda[26,1]";0.5814028;0.0745312193299883;0.408984989262245;0.539174998261125;0.5907;0.630674986623598;0.709402499828216
"Plambda[26,2]";0.2677463;0.0529530275757623;0.169197499279418;0.2315;0.268849883764156;0.304499950760472;0.363624966541589
"Plambda[26,3]";0.040102786;0.0287212946197214;0.00663362458603011;0.0194599922865938;0.0331749996232102;0.051922499819454;0.123217451707541
"Plambda[26,4]";0.11074823;0.0537943417114409;0.0397829758745967;0.0778224362103739;0.102149987763093;0.1321;0.253350119227282
"Plambda[27,1]";0.5482749;0.0441181671498563;0.4679;0.5133;0.548949997722926;0.58;0.628214993020148
"Plambda[27,2]";0.3183252;0.041800216303783;0.244097499500582;0.288649987005486;0.3156;0.345724997288569;0.41080249970337
"Plambda[27,3]";0.014583215;0.00848801354656917;0.0044122363276671;0.008616;0.01248;0.0186573192176525;0.0335404998547082
"Plambda[27,4]";0.11881703;0.0292850258907265;0.0705099722445763;0.0973124952782511;0.1164;0.138274939024373;0.182227419382412
"Plambda[28,1]";0.4227092;0.0427530731131766;0.34358749112399;0.393;0.4207;0.451349991692819;0.506
"Plambda[28,2]";0.3612884;0.0454346900121097;0.275774955704604;0.330099818089879;0.359749968728282;0.391224997603885;0.450209479132473
"Plambda[28,3]";0.059435126;0.0258712399536022;0.0210074941809498;0.0397924884489637;0.0571549997812965;0.0734524998723723;0.120612474804441
"Plambda[28,4]";0.15656723;0.0448929702024794;0.0831252446994841;0.1226;0.151649991757336;0.184524994920305;0.256314982907726
"Plambda[29,1]";0.5260229;0.074405331656871;0.355454888552397;0.483149992237364;0.531049997646173;0.575574985343292;0.664734964112487
"Plambda[29,2]";0.21284767;0.0486092718808242;0.127292491370151;0.179474994775461;0.209149994023428;0.240124996096325;0.319729945240058
"Plambda[29,3]";0.04965529;0.0216613010892878;0.0172174928952985;0.0338948658400928;0.0473849870739668;0.061064969932082;0.0998590841594993
"Plambda[29,4]";0.21147322;0.0678902447614189;0.109977373932679;0.1673;0.2041;0.242049984511598;0.407854855863565
"Plambda[30,1]";0.5808606;0.0505664253335255;0.487094998998908;0.545874998282469;0.58;0.616724998479956;0.674414993498025
"Plambda[30,2]";0.2409301;0.0430009109477036;0.173789988763178;0.211274995561955;0.2346;0.263049985747767;0.341134930157868
"Plambda[30,3]";0.0314480444;0.0225303446790333;0.00387407705074974;0.0141849761736415;0.0247349994946432;0.0467599487325184;0.0841474869942104
"Plambda[30,4]";0.14676151;0.047530651420366;0.0717527356785968;0.11347499173584;0.140549991106368;0.170649978033777;0.272112488815898
"Plambda[31,1]";0.5620705;0.0705463172861109;0.420697499710259;0.508274998155405;0.568149980198891;0.615149993904586;0.689014993635724
"Plambda[31,2]";0.2667239;0.0538742548359058;0.173669898501836;0.2277;0.2627;0.297849987412587;0.380907497121799
"Plambda[31,3]";0.032184699;0.0191777180088358;0.00828157249412478;0.0171049802458149;0.0280849461455777;0.0430424945569077;0.0785790396669103
"Plambda[31,4]";0.13901884;0.0437136356437622;0.0746002250687211;0.107649965143292;0.131199961890238;0.163649977094572;0.243614982018068
"Plambda[32,1]";0.4564425;0.0636875165437742;0.33478749089046;0.413774997734093;0.453149997241531;0.498149992473154;0.577924978934705
"Plambda[32,2]";0.3310102;0.0662797705483652;0.2025;0.290899948412238;0.331799984930681;0.371699959659343;0.475214990774713
"Plambda[32,3]";0.02177779;0.0162701510743694;0.00247077459953014;0.0104349675947498;0.017929930284304;0.028962473807866;0.0624432467058476
"Plambda[32,4]";0.19077071;0.0530769917803595;0.101587469913557;0.149674993735034;0.1878;0.228624995899996;0.299814985384497
"Plambda[33,1]";0.5695457;0.0589477139038019;0.44289249752232;0.529574998229601;0.57449999129678;0.609524998462001;0.684639954495941
"Plambda[33,2]";0.2704484;0.0383417504460512;0.197839642417537;0.244174996160016;0.269999981481481;0.2946;0.350977168152924
"Plambda[33,3]";0.043476838402;0.0492658996624744;0.000738910296945095;0.01188988607524;0.0273949776418963;0.0531698620061516;0.197019960511624
"Plambda[33,4]";0.116528264;0.0620451823282554;0.0235384981330178;0.0699024934261519;0.10514998811222;0.1548;0.2672
"Plambda0[1]";0.5535316;0.0937193096989647;0.356177472239397;0.498699969913752;0.555299918962717;0.612249993875718;0.725407498488315
"Plambda0[2]";0.28774931;0.0843660561841074;0.129274905259768;0.233574899585819;0.285249995617879;0.341824997257636;0.457844913967702
"Plambda0[3]";0.030212942;0.013905867908078;0.0079144185918886;0.0196274995222727;0.02861;0.0388199845546554;0.0620764867631689
"Plambda0[4]";0.12850637;0.0480554481429454;0.0552789571001057;0.0943149805077678;0.119999833333218;0.154849975793435;0.242337387285892
"mup_recap[1]";0.1902663;0.0368493664819372;0.121477418351585;0.165274994326491;0.189949993419321;0.2132;0.271727445867914
"mup_recap[2]";0.3080043;0.0280213473519283;0.25478999233902;0.2882;0.307899983760961;0.3263;0.36400999464673
"mup_recap[3]";0.11624938;0.0371756390362473;0.0535427307910783;0.0916049963148986;0.1145;0.1353;0.197317469802518
"mup_recap[4]";0.1988998;0.0334303710668857;0.13838496820764;0.1751;0.198199974772955;0.2205;0.265504998164752
"sigmap_recap[1]";1.2715777;0.212381713442836;0.904864973575138;1.123;1.2544999003587;1.404;1.72317465432671
"sigmap_recap[2]";0.6048909;0.146468999023223;0.369734776174023;0.502449932802383;0.585799991464664;0.692524998646323;0.952028999889642
"sigmap_recap[3]";1.3548855;0.46573162055215;0.487573288308407;1.05;1.31549990497909;1.609;2.39939870514024
"sigmap_recap[4]";0.800001;0.246986014726483;0.38614631370092;0.626549946116386;0.775449985492295;0.940048848523108;1.36814968019937
"pi_MC[1,1]";0.6200757;0.0834027749081071;0.4909;0.5485;0.6222;0.6922;0.7694
"pi_MC[1,2]";0.8108023;0.126304148081259;0.4637;0.7504;0.8285;0.91;0.9753
"pi_MC[2,1]";0.8933919;0.0555563295236478;0.7469;0.8532;0.89;0.93937499101892;0.9756
"pi_MC[2,2]";0.8755;0.0701213168664072;0.7284;0.8296;0.8769;0.9286;0.979817493907871
"pi_MC[3,1]";0.7855655;0.094011476094078;0.5875;0.7177;0.7667;0.8569;0.960932478584089
"pi_MC[3,2]";0.6337534;0.113727073978872;0.4303;0.5559;0.6465;0.7161;0.8319
"pi_MC[4,1]";0.1087072;0.0390691614337336;0.04913;0.0808288353445886;0.1065;0.125224992515468;0.2061
"pi_MC[4,2]";0.11746376;0.0881721434517233;0.0137401126123786;0.049502317620475;0.09471;0.1629;0.358078257737588
"pi_MC[5,1]";0.9655633;0.0269545096171067;0.9033;0.9473;0.9757;0.9851;0.9969
"pi_MC[5,2]";0.8721179;0.0957698871298848;0.6711;0.8114;0.9033;0.9521;0.9818
"pi_MC[6,1]";0.9812422;0.0190871301587666;0.9073;0.9785;0.9882;0.992524999055471;0.9994
"pi_MC[6,2]";0.9177777;0.0591514587121719;0.7852;0.8852;0.933049966507689;0.963;0.9905
"pi_MC[7,1]";0.66012322;0.274458068522331;0.11720088420788;0.44629986548088;0.719099972187456;0.908949995874663;0.9977
"pi_MC[7,2]";0.6633318;0.213371408784886;0.2149;0.499674457156547;0.695949983835045;0.8325;0.982244584155924
"pi_MC[8,1]";0.9137902;0.0559212930374019;0.7821;0.884524871700004;0.9246;0.9557;0.9881
"pi_MC[8,2]";0.53020279;0.211287238662295;0.1329;0.3589;0.536;0.694269656677772;0.919874353906693
"pi_MC[9,1]";0.6669794;0.132218892338164;0.388994443516826;0.5883;0.689099992744159;0.7607;0.8887
"pi_MC[9,2]";0.27550543;0.147863484719956;0.07242;0.1632;0.2447;0.3659;0.6469
"pi_MC[10,1]";0.7961467;0.104820583875086;0.5941;0.704424519122397;0.8125;0.8793;0.9584
"pi_MC[10,2]";0.442774;0.164980644370838;0.1743;0.303747213030451;0.4426;0.5447;0.781
"pi_MC[11,1]";0.5596452;0.13198586615932;0.2872;0.4776;0.5656;0.6541;0.796017492501985
"pi_MC[11,2]";0.25167334;0.154903594793421;0.06771;0.1328;0.2192;0.317899575871453;0.6671
"pi_MC[12,1]";0.769703;0.0535642937465301;0.6606;0.7359;0.772;0.803;0.8766
"pi_MC[12,2]";0.66792;0.219649965142695;0.2422;0.4841;0.708148896772423;0.859674606608948;0.9809
"pi_MC[13,1]";0.2780257;0.0438991250788976;0.195377449324914;0.243674996152136;0.275149995457023;0.310774972858865;0.3584
"pi_MC[13,2]";0.6111827;0.223293429160413;0.166718712454654;0.4402;0.6346;0.7805;0.9477
"pi_MC[14,1]";0.8884731;0.0663516235244801;0.7234;0.8536;0.9055;0.9398;0.970609997991478
"pi_MC[14,2]";0.52430871;0.279274892519947;0.0881609197130877;0.264524968091139;0.5052;0.8107;0.9652
"pi_MC[15,1]";0.2086636;0.0506401144452798;0.1147;0.1754;0.2087;0.239124338625455;0.305507496411894
"pi_MC[15,2]";0.09506238;0.0647867608990555;0.01804;0.04941;0.07821;0.125549731609967;0.2791
"pi_MC[16,1]";0.6654298;0.0731774082968579;0.4826;0.6248;0.6696;0.7131;0.7983
"pi_MC[16,2]";0.5660201;0.147694089150379;0.293578423286442;0.4665;0.5648;0.6727;0.854
"pi_MC[17,1]";0.2072473;0.0431989615962351;0.1333;0.177;0.206349993942331;0.2306;0.323
"pi_MC[17,2]";0.091176396;0.0644523385502324;0.0203849759356972;0.05029;0.07706;0.1098;0.2902
"pi_MC[18,1]";0.8599869;0.0483694397434071;0.7662;0.823;0.8623;0.899174765540294;0.9455
"pi_MC[18,2]";0.6460744;0.171833259509659;0.3118;0.5048;0.6607;0.7848;0.9105
"pi_MC[19,1]";0.3337951;0.046136668260161;0.2463;0.3024;0.33474999626587;0.3673;0.4241
"pi_MC[19,2]";0.4364889;0.136521020490714;0.20974976616715;0.3505;0.42089856260149;0.51547028505454;0.7524
"pi_MC[20,1]";0.8912561;0.0323355412823107;0.823839391059004;0.8679;0.8955;0.9147;0.9525
"pi_MC[20,2]";0.7785525;0.111572923556843;0.498978087142091;0.723249953322728;0.80594987437185;0.8591;0.928417493570754
"pi_MC[21,1]";0.6539644;0.0415908291539098;0.57799749978912;0.621;0.6517;0.680074932475466;0.74
"pi_MC[21,2]";0.4654245;0.0936613014490998;0.289468848417278;0.405049768356377;0.4609;0.5294;0.6347
"pi_MC[22,1]";0.5634465;0.0661489846930845;0.4433;0.519;0.5617;0.6032;0.6979
"pi_MC[22,2]";0.35884533;0.148534185390167;0.09895;0.2647;0.3304;0.447374746645108;0.6951
"pi_MC[23,1]";0.5877903;0.055833075934237;0.4751;0.5498;0.594099924255171;0.6292;0.6987
"pi_MC[23,2]";0.5136942;0.108080840922592;0.301;0.433324980523977;0.517848240317566;0.589774922140924;0.7164
"pi_MC[24,1]";0.9125257;0.0319396532692664;0.8436;0.8936;0.9175;0.9345;0.9623
"pi_MC[24,2]";0.3575403;0.134854610792371;0.1376;0.260149985581544;0.331348336347114;0.448949991648417;0.6808
"pi_MC[25,1]";0.3031032;0.0803599276239577;0.1765;0.2488;0.292399572503107;0.3449;0.494727691735698
"pi_MC[25,2]";0.20921617;0.105827210025649;0.06264;0.128923357490775;0.1935;0.266999943848258;0.4539
"pi_MC[26,1]";0.10287601;0.0387827227972388;0.0493;0.07516;0.09699;0.116849967925867;0.2094
"pi_MC[26,2]";0.25987306;0.11863899982601;0.0811524260071627;0.172749804404377;0.240689010966434;0.3201;0.5737
"pi_MC[27,1]";0.13498062;0.0232100509538622;0.09204;0.1185;0.1342;0.151624993818342;0.18040998920644
"pi_MC[27,2]";0.20169197;0.10441834357283;0.04568;0.1282;0.1873;0.2569;0.446
"pi_MC[28,1]";0.4077602;0.0616094253930132;0.3025;0.363374563462567;0.399349996869914;0.4475;0.5319
"pi_MC[28,2]";0.2974197;0.0804853095102265;0.1694;0.237299936753327;0.2874;0.352074869609922;0.465752384930529
"pi_MC[29,1]";0.11885425;0.0308097372846483;0.0740336543783022;0.096419998444091;0.1161;0.134299888420471;0.1984
"pi_MC[29,2]";0.17602788;0.0715795780953332;0.07017;0.1237;0.168299881164545;0.2163;0.3239
"pi_MC[30,1]";0.2262765;0.0350852226813598;0.169;0.1979;0.22344986014764;0.2507;0.2962
"pi_MC[30,2]";0.26352968;0.08544768675552;0.1271;0.20432256364018;0.257849956369979;0.3148;0.4883
"pi_MC[31,1]";0.07226719;0.02227730177958;0.037391462102558;0.055604983129889;0.0695049983814114;0.0831899981971876;0.1252
"pi_MC[31,2]";0.10822814;0.0525968891407818;0.0297;0.06875;0.1019;0.13294997180804;0.2471
"pi_MC[32,1]";0.15531063;0.0481865915842946;0.0757;0.1175;0.156199967989753;0.1883;0.26241747728122
"pi_MC[32,2]";0.23739489;0.0806739296049585;0.103274881261038;0.179095874587357;0.2327;0.2803;0.4145
"pi_MC[33,1]";0.3406423;0.0434360464457902;0.276242265373171;0.30982497275809;0.336549907146028;0.3664;0.436168720573392
"pi_MC[33,2]";0.5016651;0.141071345128649;0.2684;0.4033;0.487547207970674;0.5832;0.8154
"p_MC90[1]";0.25636138;0.200860981416878;0.04851;0.1192;0.193449993538382;0.323299258876924;0.877301857788852
"p_MC90[2]";0.52142325;0.232461862634534;0.1296;0.329874928914435;0.4999;0.691774933617125;0.960622489729554
"epsilon_MC[1,1]";-0.891103205;0.470241625449948;-1.852025;-1.2025;-0.88615;-0.558;-0.00496082500000035
"epsilon_MC[1,2]";-0.0616046441;0.810125468742889;-1.706025;-0.577475;-0.07256;0.447525;1.55645
"epsilon_MC[2,1]";-0.03478738036;0.55710549933617;-1.13005;-0.42815;-0.017385;0.31925;1.120125
"epsilon_MC[2,2]";0.0391997062;0.823191959956449;-1.593275;-0.4931;0.04531;0.581725;1.652025
"epsilon_MC[3,1]";1.04726053;0.451425054314315;0.29127;0.728775;0.9842;1.302;2.067575
"epsilon_MC[3,2]";1.3912176;0.468775052600051;0.577182489645448;1.06374779324928;1.356;1.68724994444719;2.38052275476036
"epsilon_MC[4,1]";-1.2586749;0.340057573203543;-1.965075;-1.481;-1.2395;-1.00675;-0.6742275
"epsilon_MC[4,2]";-1.444702427;0.724248369550031;-2.816325;-1.9355;-1.441;-0.949375;0.0178502499999999
"epsilon_MC[5,1]";1.667957;0.547522548971851;0.659094760803156;1.30349971216575;1.63849992371071;1.99649981223399;2.81304998267786
"epsilon_MC[5,2]";1.644905008;0.715978056288676;0.3798775;1.128;1.6355;2.1185;3.0614
"epsilon_MC[6,1]";1.44366639;0.59762572666464;0.3396125;1.06675;1.421;1.7955;2.662475
"epsilon_MC[6,2]";0.964100415;0.723406751280745;-0.490485;0.513425;0.95095;1.4345;2.468625
"epsilon_MC[7,1]";-0.1424266544;1.02097564838214;-1.873775;-0.895075;-0.234;0.48925;2.164
"epsilon_MC[7,2]";-0.082196247;0.954284164506159;-1.6312;-0.77785;-0.1919;0.457075;2.08875
"epsilon_MC[8,1]";1.10627061;0.516326442348051;0.150655;0.735325;1.081;1.43675;2.1881
"epsilon_MC[8,2]";0.001889428;0.878906149235786;-1.5846;-0.61665;-0.08118;0.589325;1.797475
"epsilon_MC[9,1]";0.809148096;0.445606853506014;0.017274825;0.488475;0.78795;1.086;1.720425
"epsilon_MC[9,2]";0.2127464234;0.660133929900224;-1.101175;-0.211725;0.18095;0.64295;1.560025
"epsilon_MC[10,1]";1.072544049;0.468074458777112;0.3063225;0.720625;1.022;1.38;2.059225
"epsilon_MC[10,2]";0.6296073482;0.637819124352347;-0.58074;0.19155;0.61595;1.03625;1.92025
"epsilon_MC[11,1]";0.3813284894;0.38184992243775;-0.313265;0.122075;0.37115;0.620375;1.15115
"epsilon_MC[11,2]";-0.1377899119;0.748172435859443;-1.481325;-0.6476;-0.222;0.33185;1.465075
"epsilon_MC[12,1]";-0.1764171418;0.368282107534597;-0.9150225;-0.41655;-0.18195;0.07896;0.52766
"epsilon_MC[12,2]";-0.179755924;0.984178494008344;-1.9212;-0.870525;-0.2218;0.425775;1.957625
"epsilon_MC[13,1]";-1.2969223;0.353466930197796;-2.002225;-1.54525;-1.2875;-1.045;-0.6496025
"epsilon_MC[13,2]";-0.229237931;0.939795465363366;-1.995375;-0.86845;-0.27815;0.41125;1.64535
"epsilon_MC[14,1]";0.410877341;0.466774786723741;-0.47486;0.0843475;0.39815;0.709625;1.307625
"epsilon_MC[14,2]";-0.8005710987;1.13446753287628;-2.67115;-1.6835;-0.88365;0.0068055;1.508175
"epsilon_MC[15,1]";-0.319028056;0.333708197948898;-0.9732;-0.5498;-0.32015;-0.09257;0.3409575
"epsilon_MC[15,2]";-0.791650111;0.661390810787397;-2.135275;-1.202;-0.76095;-0.3819;0.49338
"epsilon_MC[16,1]";0.6546343592;0.300009483548061;0.081018;0.4446;0.65435;0.858775;1.240125
"epsilon_MC[16,2]";1.173379463;0.55607367355904;-0.02447725;0.83975;1.195;1.5365;2.2242
"epsilon_MC[17,1]";0.2375257169;0.479358367366611;-0.707825;-0.0937925;0.2326;0.5601;1.17505
"epsilon_MC[17,2]";0.1225701956;0.671977256679657;-1.22615;-0.3321;0.11525;0.583525;1.451025
"epsilon_MC[18,1]";0.79883939;0.314255995237116;0.22936;0.585825;0.75725;0.99725;1.499125
"epsilon_MC[18,2]";0.6186033663;0.712779083022646;-0.7375625;0.159025;0.59085;1.09575;1.990025
"epsilon_MC[19,1]";-0.09500901091;0.277207382445869;-0.63903;-0.282825;-0.084415;0.0984375;0.4358
"epsilon_MC[19,2]";0.8288269599;0.554382548841582;-0.1754175;0.450375;0.8129;1.167;2.03025
"epsilon_MC[20,1]";0.50297135;0.368364076905691;-0.17781;0.25805;0.4824;0.737575;1.307025
"epsilon_MC[20,2]";0.4150493109;0.628329671223676;-0.7872325;-0.00261275;0.40125;0.83805;1.668625
"epsilon_MC[21,1]";0.26956855322;0.23712068648997;-0.19233;0.117575;0.261;0.41525;0.7547025
"epsilon_MC[21,2]";0.218077487;0.420511279590189;-0.6317375;-0.0691875;0.21855;0.503225;1.000075
"epsilon_MC[22,1]";-0.00657996355;0.243685413428452;-0.444435;-0.18;-0.01217;0.147525;0.492315
"epsilon_MC[22,2]";-0.2880349036;0.602897838806763;-1.586225;-0.6416;-0.3076;0.0773575;0.939692499999999
"epsilon_MC[23,1]";0.2627552809;0.247860283451577;-0.203725;0.0973375;0.26235;0.426825;0.7729325
"epsilon_MC[23,2]";0.6634928247;0.452974653770433;-0.2455775;0.38525;0.66205;0.950925;1.617
"epsilon_MC[24,1]";1.4617867;0.359398549037361;0.798967474194038;1.22274992330765;1.45149991388219;1.69524994470929;2.21707495056839
"epsilon_MC[24,2]";0.0950038502;0.52953153079467;-0.877325;-0.27305;0.083645;0.418525;1.17605
"epsilon_MC[25,1]";-0.26212166362;0.312826323662604;-0.85534;-0.48185;-0.2696;-0.052935;0.3771825
"epsilon_MC[25,2]";-0.330983003134;0.610882777393013;-1.524775;-0.7282;-0.31415;0.06975;0.822515
"epsilon_MC[26,1]";-1.185648;0.342198508639818;-1.885;-1.40525;-1.1885;-0.95895;-0.516125
"epsilon_MC[26,2]";-0.2853467967;0.566564360861699;-1.316025;-0.646125;-0.3193;0.0432325;0.9483175
"epsilon_MC[27,1]";-1.327602;0.277643299933562;-1.88915;-1.51375;-1.3175;-1.1335;-0.820765
"epsilon_MC[27,2]";-1.1852521216;0.577517776359863;-2.401075;-1.5695;-1.1535;-0.77495;-0.16107
"epsilon_MC[28,1]";-0.22831666336;0.236189756743971;-0.7206175;-0.37445;-0.22715;-0.069855;0.21446
"epsilon_MC[28,2]";-0.2567617;0.411256634441138;-1.05015;-0.548275;-0.26165;0.022855;0.5665175
"epsilon_MC[29,1]";-0.821632397;0.318850147805792;-1.4571;-1.04625;-0.8116;-0.6087;-0.2016725
"epsilon_MC[29,2]";-0.2711846696;0.46322590805125;-1.1904;-0.5768;-0.26775;0.01799;0.6260925
"epsilon_MC[30,1]";-0.69245026;0.243468164577826;-1.17205;-0.862775;-0.68375;-0.522225;-0.2329275
"epsilon_MC[30,2]";-0.3633592572;0.413642219696804;-1.215125;-0.636375;-0.34665;-0.0851775;0.429029999999999
"epsilon_MC[31,1]";-1.5329048;0.331025540079833;-2.2211;-1.75625;-1.518;-1.305;-0.9437975
"epsilon_MC[31,2]";-1.44543923;0.540561741149614;-2.6272;-1.78025;-1.424;-1.07575;-0.3847075
"epsilon_MC[32,1]";-1.146859;0.314992517125161;-1.807075;-1.35;-1.119;-0.925325;-0.5828275
"epsilon_MC[32,2]";-0.768814227;0.462885240235209;-1.692425;-1.05425;-0.7528;-0.47985;0.1418575
"epsilon_MC[33,1]";-0.74805114;0.248246471159901;-1.225;-0.9158;-0.7571;-0.57965;-0.2693725
"epsilon_MC[33,2]";-0.072652169;0.60111655253749;-1.229475;-0.452475;-0.09708;0.278125;1.2456
"p_MC90_1SW";0.12525404;0.0553452596800073;0.03763;0.08364;0.1193;0.155599903681468;0.259607495777961
"p_MC90_MSW";0.32266125;0.150113910346167;0.0946455351189582;0.207224959263724;0.295249894157475;0.4271;0.646072341803457
"p_recap[1,1]";0.0121704041;0.00745940853743389;0.00230116917949873;0.00673471079477763;0.0105149037085463;0.0166;0.0289700061759716
"p_recap[1,2]";0.3096441;0.0587670921205593;0.1978;0.2729;0.3107;0.3479;0.425239108639093
"p_recap[1,3]";0.075544325;0.067160878211318;0.004284;0.02851;0.05813;0.09952;0.250513896746289
"p_recap[1,4]";0.16375647;0.0654747539120151;0.0507;0.1148;0.1553;0.2035;0.3166
"p_recap[2,1]";0.03107896;0.0128319766976241;0.0115167319868166;0.02191;0.02966;0.0384;0.0619131950033365
"p_recap[2,2]";0.2689616;0.0539289818235104;0.1677;0.2329;0.2654;0.303724996913665;0.3948
"p_recap[2,3]";0.0409034818;0.0331664347417588;0.002102;0.01864;0.03455;0.05076;0.121222418944883
"p_recap[2,4]";0.17007834;0.0517435955217834;0.0798829290703879;0.1319;0.1671;0.2049;0.2776
"p_recap[3,1]";0.027295807;0.0193888966305538;0.004229;0.01414;0.0222;0.03358;0.08283
"p_recap[3,2]";0.4229246;0.113844963923094;0.239025027140684;0.341624975294633;0.419549496484026;0.4864;0.6799
"p_recap[3,3]";0.0219963119;0.0186069545243148;0.001919;0.00855585188859515;0.0182748461005832;0.0284974838933469;0.06651
"p_recap[3,4]";0.11346293;0.0542822704499388;0.03191;0.07308;0.1052;0.14212499340524;0.235237383897593
"p_recap[4,1]";0.12303999;0.050700531875241;0.051839656410668;0.0872723966448543;0.1125;0.1519;0.258467855322165
"p_recap[4,2]";0.24014144;0.0794242521283805;0.112603402886752;0.178;0.2386;0.298;0.405597045729988
"p_recap[4,3]";0.24097882;0.19833750654981;0.024915232255629;0.08967;0.178799552572147;0.328174974297463;0.715927867229239
"p_recap[4,4]";0.23245767;0.114541551256456;0.0653039657363267;0.1503;0.2104;0.294649377364032;0.5504
"p_recap[5,1]";0.032577028;0.0159157161312706;0.008854;0.02133;0.0295649894300675;0.0409823080681882;0.0722440926083418
"p_recap[5,2]";0.4957219;0.108146725908438;0.3055;0.409324887708521;0.494399959546924;0.570298713308502;0.719924983086031
"p_recap[5,3]";0.0493254558;0.0416374087794526;0.00225422981257278;0.0200822521015637;0.03783;0.06793;0.1504
"p_recap[5,4]";0.062317193;0.0320294309891268;0.0175773234721235;0.03841;0.0563999991134752;0.08125;0.137591307643097
"p_recap[6,1]";0.1973835;0.0346053054446123;0.137;0.173;0.192149837366572;0.2201;0.272314983910592
"p_recap[6,2]";0.2328174;0.0471937167867095;0.148;0.1999;0.233049737180714;0.2665;0.338547370502297
"p_recap[6,3]";0.30941268;0.117214298081302;0.1112;0.226;0.290699982800137;0.388649913205594;0.5534
"p_recap[6,4]";0.2269197;0.0848544934884133;0.09836;0.166071454007918;0.218;0.2761;0.424329958714607
"p_recap[7,1]";0.050981955;0.0376554207084412;0.008715;0.0237;0.0434549352778255;0.0669367151103317;0.153174292666038
"p_recap[7,2]";0.3912099;0.121367998842912;0.1632;0.301249987549111;0.3815;0.458;0.6381
"p_recap[7,3]";0.163596465;0.144357921555204;0.01417;0.06172;0.128;0.2182;0.562838025701288
"p_recap[7,4]";0.23912905;0.13404985156016;0.0466981919784393;0.1394;0.221098891901339;0.2838;0.5787
"p_recap[8,1]";0.33410164;0.0789383365918886;0.198464879098244;0.275449877384161;0.332;0.3933;0.486982228624662
"p_recap[8,2]";0.5489644;0.105478638955553;0.3599;0.4805;0.5395;0.6231;0.7791
"p_recap[8,3]";0.1209070596;0.120769058800068;0.00708;0.04336;0.08258;0.1613;0.477435757915276
"p_recap[8,4]";0.26801137;0.160129253586836;0.06841;0.151347985057185;0.239496471790296;0.324497741462743;0.736132472051407
"p_recap[9,1]";0.18952744;0.0844277472490647;0.0492;0.1332;0.1789;0.2384;0.3861
"p_recap[9,2]";0.24195933;0.0765688819556289;0.106544439010811;0.1957;0.2357;0.2928;0.409007497319448
"p_recap[9,3]";0.1368621954;0.153724979049796;0.004483;0.0371092384553607;0.08266;0.1839;0.5398
"p_recap[9,4]";0.26283425;0.143689633415876;0.08266;0.1643;0.2287;0.325073960916362;0.6163
"p_recap[10,1]";0.06948262;0.0251713189887863;0.0249737193044408;0.0534421113512439;0.06813;0.0872269596694151;0.1201
"p_recap[10,2]";0.18422868;0.0745055016212187;0.06437;0.130274819861492;0.17669997170345;0.232499935520837;0.357154835482083
"p_recap[10,3]";0.0704968109;0.0605593641487287;0.003749;0.02492;0.05385;0.1065;0.2096
"p_recap[10,4]";0.23000128;0.127467588235646;0.04921;0.1382;0.207;0.2936;0.521287214811724
"p_recap[11,1]";0.11566252;0.0721515005698709;0.02341;0.0642949714000281;0.09844;0.155699135166656;0.291894402011023
"p_recap[11,2]";0.19316614;0.079632596459737;0.0620774506663681;0.129999884496853;0.1817;0.2482;0.3533
"p_recap[11,3]";0.233344844;0.197720770816401;0.0220347973821861;0.0969724488174411;0.1795;0.281849986698196;0.748204713679718
"p_recap[11,4]";0.132286267;0.0806655080140383;0.0194745124094112;0.07394;0.116799957191773;0.1766;0.3314
"p_recap[12,1]";0.3548747;0.0555556095787425;0.2455;0.3188;0.355649912132704;0.391649990426754;0.468624354186501
"p_recap[12,2]";0.3393515;0.0641579340241583;0.22838748664066;0.2924;0.3368;0.381849911660764;0.4675
"p_recap[12,3]";0.1413366511;0.168861727394793;0.002671;0.028;0.0831786721461698;0.1764;0.637
"p_recap[12,4]";0.16714823;0.0967200954602141;0.02645;0.0920724770776132;0.1475;0.2244;0.4114
"p_recap[13,1]";0.3130384;0.0548327297669348;0.211024475487067;0.2706;0.313049900175675;0.3505;0.4214
"p_recap[13,2]";0.3494174;0.0648559413652317;0.2334;0.2992;0.3449;0.3907;0.5013
"p_recap[13,3]";0.15230683;0.164725595114271;0.00501663129072029;0.03756;0.09207;0.2015;0.6227
"p_recap[13,4]";0.154103732;0.0896422884519861;0.02461;0.08976;0.1339;0.205674449442929;0.3783
"p_recap[14,1]";0.31618313;0.0906656859727869;0.155918442255137;0.2577;0.3061;0.3741;0.512504999049025
"p_recap[14,2]";0.3358622;0.0982015022604349;0.1718;0.269;0.3254;0.3959;0.5835
"p_recap[14,3]";0.1537590562;0.159114054227187;0.00561717317274692;0.0392124135516761;0.10749623249212;0.2083;0.5796
"p_recap[14,4]";0.171220528;0.102728589755035;0.0278504859109969;0.1025;0.1541;0.222524894753551;0.440820337666745
"p_recap[15,1]";0.19273532;0.0524914527891305;0.0939667134365555;0.159174001912046;0.193;0.2299;0.2924
"p_recap[15,2]";0.2612934;0.071413770121756;0.147644596666141;0.212074889397894;0.256;0.3094;0.4046
"p_recap[15,3]";0.1631824157;0.17080664219344;0.003652;0.0396399659090719;0.0989247875913818;0.229624311314634;0.6628
"p_recap[15,4]";0.2918731;0.122361653484388;0.111064783190435;0.197624957283882;0.2739;0.374399959950157;0.5759
"p_recap[16,1]";0.16303627;0.0381739032858729;0.0935706723704645;0.1361;0.1596;0.189524995054293;0.242504997990782
"p_recap[16,2]";0.20958643;0.0488350809468581;0.127377741487688;0.173799913627611;0.2059;0.2373;0.3077
"p_recap[16,3]";0.126716191;0.0915570628293113;0.01529;0.05851;0.10269956182964;0.1752;0.3457
"p_recap[16,4]";0.11564922;0.0563536915573749;0.03703;0.0745299919466685;0.1017;0.1528;0.2564
"p_recap[17,1]";0.12161348;0.0351744918878606;0.0654866974531919;0.09516;0.117;0.147424993642272;0.1949
"p_recap[17,2]";0.18766882;0.0487923091484676;0.109674888230271;0.1515;0.183949938842067;0.217;0.3042
"p_recap[17,3]";0.134229405;0.111505702747466;0.0143777431065783;0.05348;0.1124;0.169974730109882;0.407967283129188
"p_recap[17,4]";0.13961474;0.0753209714121297;0.03436;0.0916;0.1293;0.1698;0.31890926653736
"p_recap[18,1]";0.221266;0.0437850997367707;0.145584969784069;0.1888;0.2196;0.2505;0.312089497562851
"p_recap[18,2]";0.1759923;0.0418257912623865;0.101487469883819;0.147174993628589;0.175249650498938;0.204949981708803;0.263222462577096
"p_recap[18,3]";0.16589572;0.124638303238811;0.0200446265158456;0.07898;0.137499854545378;0.2177;0.5221
"p_recap[18,4]";0.17901415;0.0886104008342898;0.05211;0.113399867569058;0.1612;0.2262;0.40340249969793
"p_recap[19,1]";0.16022917;0.034040887359517;0.100084201474971;0.138074448828185;0.1563;0.181049979295112;0.228107495195413
"p_recap[19,2]";0.2116272;0.040987277441568;0.1378;0.1791;0.2125;0.235124996013324;0.302769686250053
"p_recap[19,3]";0.1398021;0.0860751616102824;0.02720298383039;0.0794047913640547;0.1203;0.1755;0.363409994637897
"p_recap[19,4]";0.16846403;0.0753380212529199;0.0554097499780022;0.114974991843688;0.156749928229649;0.211099716132855;0.346595336627622
"p_recap[20,1]";0.4979617;0.0474286008151757;0.4053;0.4695;0.4968;0.5304;0.5863
"p_recap[20,2]";0.4028087;0.0569563279856383;0.279881715338297;0.3695;0.4082;0.432;0.523059052947226
"p_recap[20,3]";0.33622812;0.236957223297241;0.0446856533190474;0.1632;0.271539831332348;0.457423721379367;0.9033
"p_recap[20,4]";0.3173568;0.0702426508879311;0.193478525467339;0.2726;0.3112;0.3651;0.480419983781309
"p_recap[21,1]";0.2959958;0.0391606038673468;0.2196;0.2709;0.2999;0.3196;0.3732
"p_recap[21,2]";0.2925884;0.041795528608353;0.221;0.26;0.2926;0.321;0.373967263501585
"p_recap[21,3]";0.19248952;0.0968060545697994;0.0512648603158375;0.1214;0.17084999268364;0.249099038587531;0.398142411772996
"p_recap[21,4]";0.2679548;0.067695659678441;0.1526;0.217174995682542;0.2666;0.302;0.4336
"p_recap[22,1]";0.36126;0.0615234068431649;0.245872439851773;0.3179;0.354949996478377;0.3994;0.4867
"p_recap[22,2]";0.4195075;0.0771839520639246;0.284597499571668;0.3686;0.4136;0.4692;0.575386318291649
"p_recap[22,3]";0.169613366;0.145186828430604;0.0206763779012569;0.07344;0.123;0.222299730417641;0.577177218170376
"p_recap[22,4]";0.28213383;0.114757267773932;0.10157235381064;0.1965;0.2675;0.361;0.525865012240186
"p_recap[23,1]";0.2778248;0.0490046044389322;0.1805;0.2474;0.279049995520516;0.3076;0.3764
"p_recap[23,2]";0.4078889;0.0599170491560588;0.2983;0.3642;0.403249996900186;0.449;0.533204091665157
"p_recap[23,3]";0.1651470226;0.174619260656398;0.00495465640332992;0.0498;0.1103;0.224;0.669352689953277
"p_recap[23,4]";0.3239029;0.0873633993451213;0.1744;0.2624;0.317798426679554;0.3744;0.541
"p_recap[24,1]";0.4723222;0.0440312352408701;0.393177474855605;0.441774997877719;0.4735;0.49959996998399;0.559281348250954
"p_recap[24,2]";0.3645421;0.0643049601935612;0.2497;0.3153;0.3632;0.4105;0.4903
"p_recap[24,3]";0.09749046297;0.0878429468892559;0.00419828176800738;0.0350981394087888;0.0746;0.1316;0.332607496704077
"p_recap[24,4]";0.24405685;0.0896906796629165;0.103974882065342;0.1796;0.2349;0.2935;0.4449
"p_recap[25,1]";0.21112057;0.0741191790542689;0.100556637509292;0.1525;0.2019;0.2616;0.360454836982467
"p_recap[25,2]";0.336527;0.0816427370162681;0.203176037383812;0.2777;0.32699998470948;0.3869;0.5163
"p_recap[25,3]";0.100700002;0.106592493927235;0.00563;0.02956;0.0724399751518455;0.1322;0.401179690480211
"p_recap[25,4]";0.4104711;0.15404170217444;0.1844;0.3033;0.3773;0.4965;0.768
"p_recap[26,1]";0.20497744;0.0805810646642797;0.08861;0.1432;0.185099891950266;0.248;0.399049878221237
"p_recap[26,2]";0.3314569;0.103541146610569;0.1738;0.2507;0.311149899566109;0.4002;0.5779
"p_recap[26,3]";0.239538134;0.18954317361068;0.0324839782876972;0.09872;0.1835;0.3234;0.724329557837264
"p_recap[26,4]";0.23652822;0.0981092107575383;0.09342;0.1742;0.2165;0.298224745624179;0.459253988534603
"p_recap[27,1]";0.3636886;0.0594505564204297;0.2518;0.3259;0.363099944918751;0.4054;0.4898
"p_recap[27,2]";0.3340688;0.0603990868826364;0.2204;0.2853;0.3352;0.384073224717076;0.434702499719677
"p_recap[27,3]";0.2828004;0.196640847310194;0.063438749519474;0.137674993188836;0.229749733405721;0.381573702891591;0.774629977366226
"p_recap[27,4]";0.17065899;0.0814032779852669;0.04825;0.107;0.160399719451126;0.2212;0.3598
"p_recap[28,1]";0.3156683;0.0732815038322353;0.197;0.266249647445639;0.305;0.359249906106536;0.462939932751812
"p_recap[28,2]";0.2534613;0.0533296041518122;0.168984973977621;0.2176;0.2456;0.2826;0.3735
"p_recap[28,3]";0.227084705;0.160243362827351;0.0372014619078749;0.114398815781506;0.1759;0.3127;0.624677937856017
"p_recap[28,4]";0.2663147;0.0717209120350065;0.146;0.2111;0.2613;0.3188;0.4179
"p_recap[29,1]";0.2856287;0.071112821626692;0.1641;0.2349;0.280649781756551;0.3346;0.4562
"p_recap[29,2]";0.3537487;0.0847721550781068;0.2127;0.2966;0.339349819507835;0.4034;0.5383
"p_recap[29,3]";0.099754214;0.0758201020413437;0.01096;0.04389;0.0781099686339714;0.14134976156809;0.280729937653139
"p_recap[29,4]";0.24890074;0.0870970231689769;0.113472369236579;0.1802;0.2306;0.303;0.4607
"p_recap[30,1]";0.3645139;0.0579385682812795;0.2642;0.3266;0.356249996491228;0.3984;0.497
"p_recap[30,2]";0.2730391;0.0616910829123699;0.1536;0.2268;0.275549777717203;0.3093;0.4006
"p_recap[30,3]";0.15052476;0.0984830554618687;0.0324189867405416;0.0875999725860438;0.125;0.1844;0.4424
"p_recap[30,4]";0.15859007;0.0578912955027791;0.05765;0.117399872086322;0.1552;0.1983;0.283422465238939
"p_recap[31,1]";0.3129757;0.0958099064694653;0.188045037656241;0.24;0.2939;0.3715;0.555
"p_recap[31,2]";0.4263241;0.108693486756352;0.2561;0.3429;0.4106;0.5018;0.6608
"p_recap[31,3]";0.243792023;0.197819339403301;0.02293;0.1111;0.172548370029972;0.325649896424714;0.790298807526687
"p_recap[31,4]";0.3151954;0.114342527488387;0.1296;0.2422;0.3021;0.3866;0.565003562785964
"p_recap[32,1]";0.384705;0.11018692360318;0.201109475097189;0.3158;0.3874;0.4445;0.6555
"p_recap[32,2]";0.280786;0.0825118863885404;0.145704856605184;0.216274995664573;0.272049885131385;0.3294;0.468097106065885
"p_recap[32,3]";0.212377167;0.14627196646171;0.0395854899959348;0.1026;0.1742;0.2859;0.5719
"p_recap[32,4]";0.3915344;0.117077197467341;0.1744;0.3104;0.376349916965581;0.4831;0.6153
"p_recap[33,1]";0.4099406;0.0584089691684361;0.3024;0.3694;0.4106;0.4412;0.551
"p_recap[33,2]";0.4261204;0.0671873616493862;0.299262408076551;0.3848;0.4164;0.4735;0.5582
"p_recap[33,3]";0.1141827156;0.113113271162314;0.00629187105967086;0.03641;0.0760099973687672;0.153;0.4395
"p_recap[33,4]";0.18353354;0.0633847221739866;0.08947;0.1346;0.176599886749681;0.219949166349562;0.3139
"n_tot[1]";265.897;31.8060688708463;217;240;263;287;332
"n_tot[2]";296.133;14.8107619543921;274;284;295;305;333
"n_tot[3]";177.421;18.3624327892014;147;164;176;188;216
"n_tot[4]";180.514;48.315403156573;101;148;171;208.249550538725;290.099333630075
"n_tot[5]";241.136;9.91159642760659;228;234;239;247;266
"n_tot[6]";240.624;4.6787300108592;235;237;240;243;253
"n_tot[7]";105.358;31.1140148151587;60;82;100;122;182
"n_tot[8]";51.561;4.03938059553635;46;49;51;54;62
"n_tot[9]";55.612;10.6945701096318;41;48;54;60;83.0494218041453
"n_tot[10]";133.973;17.0876639497404;109.974888536935;121;131;145;175.024930618024
"n_tot[11]";72.17;18.6123485761341;48;60;69;80;124
"n_tot[12]";146.242;8.79458815299391;132;140;145;152;166
"n_tot[13]";252.204;31.9004078346974;203.97494006385;229;246.499492900087;273;321
"n_tot[14]";67.55;7.17753558103455;58;62;66;72;86
"n_tot[15]";182.873;35.3994631737968;131;159;176;201;268.024954635654
"n_tot[16]";238.34;24.5102254406432;199.974938861165;222;236;250;305
"n_tot[17]";284.91;47.8779092504486;203;253.749630055553;281;312;401
"n_tot[18]";189;10.512874037128;172;181;189;196;211
"n_tot[19]";321.612;35.4760201263333;260;296;318.49960753508;346;396
"n_tot[20]";215.467;6.50439991223004;205;211;215;219;230
"n_tot[21]";398.637;21.1308718406209;359;384;398;412;443
"n_tot[22]";168.296;18.6786851056834;137.974911261188;156;166;178;216
"n_tot[23]";212.955;16.0624087849854;184.974933886243;202;212;223;248
"n_tot[24]";214.472;11.8655808120803;199;206;212;220;243.024949981142
"n_tot[25]";120.122;22.4755481861125;82;103;118;134;168.049712075698
"n_tot[26]";176.771;45.4082422855969;100;146;174;203;283
"n_tot[27]";536.442;67.4922353892493;420;487;532;575.249837121731;690.074841486158
"n_tot[28]";281.757;29.6550733328106;227.974946391203;261;282;299;346.024964842889
"n_tot[29]";252.341;40.3410475709186;180.974932419827;225;250;279;333
"n_tot[30]";320.164;38.050768257224;252.974951702345;293;318;342;407.04988060721
"n_tot[31]";290.907;55.4160923766219;187.97493494496;256;286;322.249709377252;415.074736943894
"n_tot[32]";162.004;28.1579269985;122;143;158;175;237.024948718347
"n_tot[33]";309.416;26.3487609044752;261;289;308;328;361.024966301052
"n_1SW[1]";232.95;29.5531874912147;186.974934595843;209;230;254;295
"n_1SW[2]";224.091;13.9585658489889;205;213;223;232;259
"n_1SW[3]";90.131;10.8215037746121;74;82;89;97;115.02489462453
"n_1SW[4]";166.931;47.6904247791484;92;136;159;193;273.049822285148
"n_1SW[5]";155.711;4.38345682010142;151;152;154;158;167
"n_1SW[6]";198.935;3.64802454529614;196;197;198;200;209.024941869634
"n_1SW[7]";82.929;30.1026265818637;43;61;77;98;162.049701497632
"n_1SW[8]";46.621;2.57837293792171;44;45;46;48;53
"n_1SW[9]";43.056;8.94196973953853;32;37;41;47;67
"n_1SW[10]";118.573;16.6686086256026;97;106;114;130;157.024922696585
"n_1SW[11]";56.278;14.7707444257522;38;46;54;62.2485019740711;100
"n_1SW[12]";141.125;7.98631054718987;128;135;140;146;159
"n_1SW[13]";245.51;30.8180085282883;198;222;240.499480248918;265;314.02496126749
"n_1SW[14]";62.058;4.34436525967943;57;59;61;64;73
"n_1SW[15]";164.717;34.7884340858589;115;141;159;182;248
"n_1SW[16]";205.734;23.2150852719559;172.974929282783;190;202;215;275
"n_1SW[17]";248.812;46.5892822140159;174.974930094035;217;243.499486652436;274;364
"n_1SW[18]";174.676;9.40656725418511;160.974923990271;167;174;181;196
"n_1SW[19]";283.403;33.1109185001553;228.974946625978;260;280;305;355
"n_1SW[20]";182.974;5.08971799112969;175;179;182;186;194
"n_1SW[21]";324.312;17.1347674701543;294;312;324;336;362
"n_1SW[22]";143.956;13.5366652209954;120;135;143;153;173.024929818958
"n_1SW[23]";175.181;14.3377756577096;151;165;174;183;208
"n_1SW[24]";183.207;4.83503138857738;176;180;182;186;194
"n_1SW[25]";98.285;20.5342501794059;65;84;96;111;143.024915163061
"n_1SW[26]";146.128;41.734894481925;78;117;142;172;241
"n_1SW[27]";511.874;66.4498284700849;400;463;509;554;659.049926171748
"n_1SW[28]";204.9;26.7553330730127;161.974924461383;186;201.499379651651;222;265
"n_1SW[29]";194.341;38.1454295138067;133;167;189;217.249569130048;276.074605402574
"n_1SW[30]";248.968;27.7505147171556;195;230;248;267;305.024960127024
"n_1SW[31]";236.109;50.6212764816597;145.97491614564;201;232;267;347.04986004089
"n_1SW[32]";114.763;28.8359904519568;76;96;109;127;196.099018269215
"n_1SW[33]";277.788;25.4700958337769;230;259;277;296;327
"n_MSW[1]";32.947;6.23530833801105;27;29;31;35;52
"n_MSW[2]";72.042;6.06242434913533;64;67;71;75;87
"n_MSW[3]";87.29;15.6573641796138;64;75;84;97.2490392765297;122
"n_MSW[4]";13.583;7.28176730849971;4;8;12;17;32.0246267983117
"n_MSW[5]";85.425;9.85888292721709;75;78;82;90;110
"n_MSW[6]";41.689;2.75242708438477;39;40;41;43;48.0247495230643
"n_MSW[7]";22.429;11.0768974291837;9.97369453076708;15;19;27;53.0247728640111
"n_MSW[8]";4.94;2.99254997541484;2;3;4;6;13
"n_MSW[9]";12.556;6.05702497531185;5;9;12;15;26.0245427895297
"n_MSW[10]";15.4;5.82923493950793;8;11;14;18;31
"n_MSW[11]";15.892;9.3787150663775;5;10;14;20;40
"n_MSW[12]";5.117;2.60155320512172;3;3;4;6;12
"n_MSW[13]";6.694;4.47888651613595;3;4;5;8;19
"n_MSW[14]";5.492;5.55416823518921;1;1;3;8;20
"n_MSW[15]";18.156;6.90487808301793;8;13;17;22;36
"n_MSW[16]";32.606;9.26556067459572;21;25;31;37;56
"n_MSW[17]";36.098;17.9133269741632;11;24;33;44;81.024850748816
"n_MSW[18]";14.324;5.45791286233234;9;11;13;16;29.0245890435771
"n_MSW[19]";38.209;11.3675212574923;22;31;36;43;64.0248115066747
"n_MSW[20]";32.493;4.52575225055829;27;29;31;35;44
"n_MSW[21]";74.325;12.7151504139766;56;65;72;81;105
"n_MSW[22]";24.34;12.6915513423488;11;16;21;28;66
"n_MSW[23]";37.774;7.44892008350274;28;33;36;41;56
"n_MSW[24]";31.265;10.0916111506347;17;24;30;36.2474372410577;56
"n_MSW[25]";21.837;8.21583415916673;11;16;20;26;42.0247142908124
"n_MSW[26]";30.643;13.106996007642;15;22;28;35;67.0248198647617
"n_MSW[27]";24.568;12.7847888847187;10;16;22;29;57.0247886219405
"n_MSW[28]";76.857;17.7066675881454;48;64;75;89;117
"n_MSW[29]";58;17.3905270314166;33;45.7479357190926;55;68;97
"n_MSW[30]";71.196;22.8057379991459;42;57;67;80;124.024902232415
"n_MSW[31]";54.798;18.6359462999466;30;41;51;64;102.024881280314
"n_MSW[32]";47.241;12.8331449227619;30;38;44;54;78.0493853530316
"n_MSW[33]";31.628;8.37064416181238;20;25;30;36;52.0247685504461
"n[1,1]";164.76;22.8748696096756;128;146;164;180;213.024942957923
"n[1,2]";68.19;8.7483961063977;55;62;67;73;89
"n[1,3]";6.134;1.4779134711573;5;5;6;7;10
"n[1,4]";26.813;5.3352127882115;22;23;25;28;43
"n[2,1]";150.175;10.3573959396487;136;142;149;156;176
"n[2,2]";73.916;4.42023556866401;68;71;73;76;85
"n[2,3]";19.467;2.45946334796027;17;18;19;21;25
"n[2,4]";52.575;4.34064698129394;47;49;52;55;63
"n[3,1]";74.683;9.47630261817927;60;67;74;81;97
"n[3,2]";15.448;2.18862652960392;13;14;15;17;21
"n[3,3]";46.196;8.90802654559005;33;39;45;52;67
"n[3,4]";41.094;8.24008877762024;30;35;39;46;61
"n[4,1]";129.105;40.4432643666734;65;101.749075590269;121.49897118906;153;225
"n[4,2]";37.826;14.4019144261844;19;28;34;45;79
"n[4,3]";4.374;4.19758784824615;1;2;3;6;17
"n[4,4]";9.209;5.63551932638671;3;5;8;12;25.0245249673397
"n[5,1]";124.089;3.88151325453684;120;121;123;126;134.024909492881
"n[5,2]";31.622;0.952902945752622;31;31;31;32;34
"n[5,3]";13.688;2.161788456193;12;12;13;15;20
"n[5,4]";71.737;8.23125656170336;63;66;69;76;92
"n[6,1]";134.001;2.56389792553693;132;132;133;135;142
"n[6,2]";64.934;1.45318813501754;64;64;64;65;69
"n[6,3]";19.127;1.40671598051982;18;18;19;20;23
"n[6,4]";22.562;1.85299476242908;21;21;22;23;27
"n[7,1]";48.966;20.6696414598337;20;33;45;61;96.0248739107841
"n[7,2]";33.963;13.1711468790728;19;25;31;38;70.0248275130909
"n[7,3]";9.012;6.71140066594887;3;5;7;10;30
"n[7,4]";13.417;6.57787042889866;5;9;12;16;31
"n[8,1]";31.992;2.011462647424;30;30;31;33;37
"n[8,2]";14.629;0.996168334846752;14;14;14;15;17
"n[8,3]";2.104;1.53542878100599;1;1;2;3;7
"n[8,4]";2.836;2.20226110031348;1;1;2;4;9
"n[9,1]";26.328;6.0919231386753;19;22;25;29;42
"n[9,2]";16.728;3.64819480364266;12;14;16;19;26
"n[9,3]";3.246;3.64180542406466;1;1;2;4;11
"n[9,4]";9.31;3.92725391632924;4;6;9;12;19
"n[10,1]";91.202;12.7940957040693;74;81;88;100.249067931432;120
"n[10,2]";27.371;4.90626440690169;22;24;26;30;39.0246926765158
"n[10,3]";7.918;3.87172652265966;4;5;7;9;19
"n[10,4]";7.482;3.09891582319999;4;5;7;9;15
"n[11,1]";26.348;8.27546852929666;15.9742054064523;20;25;30;47.024744267126
"n[11,2]";29.93;7.83980628348447;20.9744007793621;25;28;33;53.0247728640111
"n[11,3]";3.356;2.83077326490083;1;1;2;4;11.023954172796
"n[11,4]";12.536;7.82175708417769;4;7;11;16;31
"n[12,1]";83.564;5.37520202381239;75;80;83;87;95.0248725926475
"n[12,2]";57.561;4.00803484806998;51;55;57;60;67
"n[12,3]";0.274;0.615876045404677;0;0;0;0;2
"n[12,4]";4.843;2.38999227259484;3;3;4;6;12
"n[13,1]";136.95;19.1018423294817;108;123;134;148.249369039205;180
"n[13,2]";108.56;16.4945588140596;81;97;107;119;146
"n[13,3]";0.534;1.03436643116157;0;0;0;1;4
"n[13,4]";6.16;4.13297489485255;3;3;5;7;18
"n[14,1]";39.35;3.20402337160105;36;37;38;41;48
"n[14,2]";22.708;1.82374945155908;21;21;22;23.2460242993432;27
"n[14,3]";1.039;2.12225893400946;0;0;0;1;7.02499999999998
"n[14,4]";4.453;4.39808300673534;1;1;2;6;16.0242682347379
"n[15,1]";108.876;24.5427580147581;73.9748338239674;91;104;122;164.07433912023
"n[15,2]";55.841;14.8268524830645;36;45;53;64;91
"n[15,3]";1.822;2.56142087070377;0;0;1;2;9.02499999999998
"n[15,4]";16.334;6.35663832940422;8;12;15;19;34
"n[16,1]";139.06;16.7559888745237;115;128;136;146;187
"n[16,2]";66.674;8.04365740347166;55;61;66;70;89
"n[16,3]";8.287;2.89049926240883;5;6;8;10;15
"n[16,4]";24.319;7.53910320111597;15;19;22;28;44
"n[17,1]";132.598;27.9065076490981;87;112;130;149;196
"n[17,2]";116.214;23.3288756788758;79;100;113;129;173
"n[17,3]";11.602;7.74774958446797;2;6;10;15;31.0246150085825
"n[17,4]";24.496;13.9839026574677;7;15;21;31;55.0247810261103
"n[18,1]";114.702;6.50642217578367;105;110;113;119;130
"n[18,2]";59.974;3.99691121984205;54;57;59;63;69
"n[18,3]";6.059;2.48589997761348;4;4;5;7;13
"n[18,4]";8.265;3.82248432127411;5;6;7;9.24021086472307;17.0473366775717
"n[19,1]";155.883;21.480939033053;118.974897013882;141;153;170;202
"n[19,2]";127.52;17.6832773630427;98.9748760691049;115;125;138;165
"n[19,3]";15.788;5.3719562464631;8;12;15;19;29
"n[19,4]";22.421;7.50520400036449;12;17;21;25;39.0246926765158
"n[20,1]";117.638;3.6265835311086;112;115;117;120;126
"n[20,2]";65.336;2.54628898351848;61;63;65;67;70.9999999999999
"n[20,3]";1.377;0.77166473708889;1;1;1;2;4
"n[20,4]";31.116;4.22165445842816;26;28;30;33;42
"n[21,1]";174.893;11.4979021022425;155;167;174;182;199.024938958134
"n[21,2]";149.419;8.99379382281623;133.974908599174;143;149;155;169
"n[21,3]";14.045;3.60221472860114;9;11;14;16;23
"n[21,4]";60.28;10.9643886203389;44;52;58;67;85
"n[22,1]";102.786;10.5858520802184;84;95;102;109;126
"n[22,2]";41.17;5.03750697036505;33;37;41;45;52
"n[22,3]";6.266;5.57515258323271;2;3;5;7;24
"n[22,4]";18.074;8.69494831072193;8.97353779608127;12;16;21.2456558021704;41
"n[23,1]";103.68;10.1013681072238;87;97;102;110;127
"n[23,2]";71.501;6.51970133560622;61;67;71;75;87
"n[23,3]";0.674;1.04633590152437;0;0;0;1;3.02499999999998
"n[23,4]";37.1;7.17617568747432;27;32;36;40.2476898530255;55
"n[24,1]";120.597;3.25317908731969;116;118;120;122;129
"n[24,2]";62.61;2.47548541260659;59;61;62;64;68
"n[24,3]";3.861;2.90759920434938;1;2;3;5;12
"n[24,4]";27.404;8.83123857535141;15;21;26;32;48.0247495230643
"n[25,1]";49.78;13.6894485280088;28;40;48;57;82.0248525544858
"n[25,2]";48.505;9.73019278594477;33;41;48;55;70.9999999999999
"n[25,3]";4.651;3.28237307035215;1;2;4;6;13
"n[25,4]";17.186;6.96677399805247;9;12;15;20;35
"n[26,1]";101.725;33.8474670548038;48;78;98;120;182
"n[26,2]";44.403;12.6937670816319;24.9744992680224;35;43;53;73.0248345383884
"n[26,3]";3.895;3.3676870870549;1;1;3;5;13
"n[26,4]";26.748;11.6017712913631;13.9740862223775;19;24;31;61.0248023352241
"n[27,1]";324.056;48.894801007526;246.974950525985;289;319;349;440.149011702862
"n[27,2]";187.818;31.3800826255379;139;163;184;211;253
"n[27,3]";6.323;4.61280272165946;2;3;5;8;19
"n[27,4]";18.245;10.8601527575775;7;12;16;21;43
"n[28,1]";107.276;16.4393453664091;81;96;106;116.249195850584;144
"n[28,2]";97.624;14.2568538563696;76;87;96;105;126.024903776227
"n[28,3]";7.955;4.35039089058683;3;5;7;10;20
"n[28,4]";68.902;16.089912407508;43;57;67;80;105
"n[29,1]";139.989;31.8587485450835;89;117;137;157;209.024941869634
"n[29,2]";54.352;13.4928927274382;33.9746344479613;45;53;62;87
"n[29,3]";16.06;7.39195786250443;6;11;15;20;34.0246483364455
"n[29,4]";41.94;13.6132920971278;22;32;39;50;73.0248345383884
"n[30,1]";177.119;22.5611135107034;136;162;176;190;224.024945750895
"n[30,2]";71.849;12.6085357664629;51;63;70;79;101.024880112471
"n[30,3]";13.684;5.54264060397793;6;10;13;17;28
"n[30,4]";57.512;19.9172425941081;32;44;54;66;108.024887835956
"n[31,1]";161.476;41.1954668682185;92;132;157;185.249494835211;251.024951571201
"n[31,2]";74.633;18.6116281851885;45.9747312001666;61;73;86;116.02489552782
"n[31,3]";9.02;6.62204284578796;2;4;7;13;26
"n[31,4]";45.778;16.9226206921709;23;34;42;53;91.0248670324753
"n[32,1]";66.051;18.9212159073198;40;53;61.4979674460872;74;117.074078029548
"n[32,2]";48.712;14.2463333533234;29;38.7475595526192;46;56;83.0248543169868
"n[32,3]";8.571;4.51722972233695;3;5;8;11;20.0244099661364
"n[32,4]";38.67;11.0311734093335;24;31;36;43.2478488794543;68
"n[33,1]";188.766;19.6440100572956;151;175;188;202;228
"n[33,2]";89.022;11.0650780364149;71;81;88;96;113.024892770264
"n[33,3]";2.509;1.81692603597951;1;1;2;3;7
"n[33,4]";29.119;7.72738969843967;19;23;27;33;49
"lambda0";228.72198;92.6104021958358;102.989981019419;164.774994309272;210.4;273.09950639796;442.076124236081
"lambda_n[1,1]";163.21239;24.146040832314;120.694995956649;145.9749935762;161.549992262457;179.7;214.41248581061
"lambda_n[1,2]";70.2738;10.9476628867847;50.94021343251;62.827499850774;69.4499992800576;76.81;93.4002281259579
"lambda_n[1,3]";6.225515;2.54417087342973;2.2073512281475;4.35524894467295;5.91649947181608;7.42874847374656;12.0707490927229
"lambda_n[1,4]";26.37306;6.97829245603837;15.5787480402261;22.0024961634644;25.339998026835;29.504998729316;44.05324533327
"lambda_n[2,1]";151.1497;15.3397342661911;122.794996025869;140.1;150.749991708126;160.82499417189;183.802499337153
"lambda_n[2,2]";75.12521;9.051927891585;58.3889593960753;68.9674998640598;74.8149998329212;81.1649773739364;94.0617493654102
"lambda_n[2,3]";19.108578;4.72418962442486;11.5389983063594;15.69;18.4699972929072;22.17;30.0434920724157
"lambda_n[2,4]";51.22495;7.82314614545281;37.172470340592;45.6374997945618;50.8299960653156;56.1624998330836;68.0439954215485
"lambda_n[3,1]";72.26298;12.2896703746487;49.8359937267061;63.3824986685865;71.6149914473219;80.3899925388596;98.8444960096902
"lambda_n[3,2]";18.597968;4.3959110451524;11.2987472957701;15.5649975897159;18.3249938608448;21.3399929753341;28.6307496171432
"lambda_n[3,3]";43.46575;10.3120828007338;26.3694998150385;35.8274997383051;42.404976123092;49.4599969680635;66.2632468955161
"lambda_n[3,4]";40.37824;9.87507996457278;23.6532121639602;33.622497489773;39.2499987261146;46.2349927034908;61.4014992858828
"lambda_n[4,1]";129.7034;40.6909701763658;65.5492498326155;100.7;120.94998966515;153.549975588584;223.537377846455
"lambda_n[4,2]";41.35223;14.7952824748502;20.930669382244;31.6224973309607;38.3549996740973;47.8349992161644;82.6086674868708
"lambda_n[4,3]";4.54073439;4.21137146048871;0.43973951533784;1.92574995130924;3.33999940119755;5.66484833861244;16.6804997079643
"lambda_n[4,4]";10.146775;5.72231472869408;3.21006976413869;6.31424986635251;8.55699994156831;12.3024992381662;26.0429932807455
"lambda_n[5,1]";121.77692;11.0453195425663;102.1;113.974991772105;121.4;129.124992741467;144.102499154619
"lambda_n[5,2]";34.69692;5.63145764690003;24.2774949667846;30.89;34.4899942012173;38.3724938947613;45.4807497589272
"lambda_n[5,3]";13.189763;4.0638877687047;6.60189997045171;10.3174990910559;12.68;15.4599903058987;22.8112486661616
"lambda_n[5,4]";67.93932;11.4499444874797;47.7467456787715;59.8374998433169;67.0599992543991;75.26;91.4642461536371
"lambda_n[6,1]";132.5516;11.7192396518724;110.7;124.5;132.1;139.6;157.404996905384
"lambda_n[6,2]";64.46478;7.84414710439544;50.0679984405404;59.1049841294445;63.8049982368152;69.6224998653517;80.6012194883487
"lambda_n[6,3]";18.018528;4.03668415487045;10.7794995472205;15.1574993813582;17.83;20.43;26.5822462942345
"lambda_n[6,4]";22.79128;4.81728223895692;13.8687477980351;19.41;22.37;25.8524996374126;32.8967231317648
"lambda_n[7,1]";49.66666;20.3672812026541;20.0474939014134;34.6474780638315;45.6399726117359;60.8424998459221;97.4271024212593
"lambda_n[7,2]";32.929984;13.9709372803773;14.954713737426;23.6374900776124;29.6099848024277;37.7049990056127;70.1999985575569
"lambda_n[7,3]";9.2524263;7.19854300318662;2.03145224251323;5.03924774728119;7.17149789095695;10.4974919700174;30.6336404647987
"lambda_n[7,4]";14.988256;7.08713859197673;5.57557436706008;9.80199755018674;13.3849990661188;18.454997968764;32.8679622624306
"lambda_n[8,1]";33.34065;5.81927968855198;23.2282474241289;29.0699948376729;32.8399984774665;37.1124936875765;45.9324973503028
"lambda_n[8,2]";15.94037;3.74033107701252;8.95624329897718;13.39;15.8;18.3124994881478;23.2067119948274
"lambda_n[8,3]";2.55452825;1.89576672430408;0.324897499624809;1.18549714828452;1.99349993729621;3.45424997286214;7.88465745367696
"lambda_n[8,4]";4.6320877;2.66787984859987;1.16892490601098;2.71849654717044;4.013;5.95549993704004;11.4412473442862
"lambda_n[9,1]";28.73454;7.32634669834457;17.4292493699831;23.46;27.62;32.4249988437227;47.0812493532824
"lambda_n[9,2]";17.431621;4.85357997337191;9.49587496790299;14.1;16.93;20.24;28.3059753319695
"lambda_n[9,3]";3.22854428;3.75871991205237;0.273164912267953;1.26524933260804;2.4184995348356;3.8667497818499;10.2022103131225
"lambda_n[9,4]";9.30174;4.15280860137807;2.97589993441777;6.2054825036677;8.72899948447702;11.86;18.8209989653157
"lambda_n[10,1]";89.87365;15.4913471077474;64.3574981044157;78.5549995225869;87.6849964361064;99.8974954026102;126.607491349393
"lambda_n[10,2]";29.289975;7.15285769448635;17.6589988941605;24.5474996180355;28.5949995628606;33.68;43.7504998886049
"lambda_n[10,3]";6.9758614;4.31980547719117;1.58097499228806;4.06174997691692;5.9079978842244;8.704;18.2019957266472
"lambda_n[10,4]";7.753988;3.55331139329411;2.80397499565251;5.1602478001416;7.09494862560681;9.57072456711226;16.182243920968
"lambda_n[11,1]";29.268067;9.03619720083417;15.5794996868342;22.5524962570696;28.0849995549226;34.6124997291702;50.6164837759494
"lambda_n[11,2]";28.04481;8.82025119795888;15.64698872901;22.2049983106839;26.9549995362642;31.902492657232;51.8002106467695
"lambda_n[11,3]";3.8503053;3.13211476186991;0.403636183490604;1.65148884217348;3.03749897119324;5.02873212096302;12.93
"lambda_n[11,4]";13.734625;7.91938472615239;4.29699543501458;8.27149886613306;11.929895221669;17.1049802919561;32.4307496619774
"lambda_n[12,1]";83.51586;9.62142926812652;65.9357446494131;76.8574998780157;83.1;89.6699983274484;103.709981243371
"lambda_n[12,2]";55.8105;7.37112347008319;42.2984989617964;50.66;55.5849997751192;60.4024998447998;71.0714993829938
"lambda_n[12,3]";0.967062673;0.854993194113366;0.0325274962458588;0.313049412156042;0.733149507263014;1.3482499304826;3.29000106792567
"lambda_n[12,4]";6.0475544;3.03298617602266;1.76389988929048;3.80574938388567;5.46049997710832;7.68499980484843;13.1612476905202
"lambda_n[13,1]";135.72682;20.530512663785;101.697498800846;121.5;132.9;149;180.217466944246
"lambda_n[13,2]";105.34247;18.8772715661157;70.7134883219099;92.1574917573467;104.3;116.224991936062;145.712479135147
"lambda_n[13,3]";1.2530261219;1.20731182768891;0.0206908250698627;0.36809852980833;0.85439999414794;1.75399914546118;4.35219359280115
"lambda_n[13,4]";7.9101781;4.44019055984066;2.59239727610034;4.89849992343553;6.8044999816298;9.72249348741732;19.9117470074894
"lambda_n[14,1]";41.5897;6.91460711114533;29.3697499584943;36.7374936173827;41.2149996967124;46.0424835178214;56.1502499782973
"lambda_n[14,2]";22.95504;4.57477732638278;15.2194996794204;19.75;22.5949994467803;25.73;32.8314986651757
"lambda_n[14,3]";1.899655202315;2.24759493828528;0.0152592492802774;0.465498837958091;1.12348119699441;2.44999022533453;9.34517881642
"lambda_n[14,4]";6.8617492;4.96157522273826;1.40769874651293;3.34899955192668;5.32549809876973;8.96699732511001;19.6802499380924
"lambda_n[15,1]";109.00477;24.7765099518171;72.8777486443595;90.9124990718077;105.7;122.449969391915;165.3
"lambda_n[15,2]";56.23362;15.6303486619747;34.472972139233;44.3424980967687;53.5199990657698;65.3924998566422;90.9324986606529
"lambda_n[15,3]";2.244339947;2.38308090189723;0.067737498199091;0.637749852921929;1.49399866131131;2.97349987391426;9.01171859225247
"lambda_n[15,4]";15.433064;6.40025828353825;6.04078423056074;11.0324923451995;14.33;18.84;31.4214986053495
"lambda_n[16,1]";138.96813;20.6011421785823;105.894995390869;124.374992460291;136.5;149.1;188.7
"lambda_n[16,2]";66.08442;10.2766161504215;47.5667456623909;58.7574998404368;65.4849998091165;72.5274936682323;88.004994468502
"lambda_n[16,3]";8.106081;3.77790325252307;2.82697499568789;5.31449992942948;7.52049918555943;10.1449963060244;16.970499712951
"lambda_n[16,4]";24.446603;8.23593428512758;12.9597499059129;18.4674994922598;22.78;28.84;45.451196038816
"lambda_n[17,1]";134.03751;28.7572503683619;87.7809819594817;113.3;130.949990454372;150.724993781438;202.322451344254
"lambda_n[17,2]";111.80029;24.3717079615866;72.3944349336775;93.7249995998649;110.2;126.224992574747;166.027411549049
"lambda_n[17,3]";11.5935702;7.8145178541177;1.5704208561352;5.71099973728763;10.18;15.657494614647;30.1170600874465
"lambda_n[17,4]";25.141484;13.7569565493697;7.07636768075202;16.004978886438;22.3599977638639;30.9824924393117;57.3109222459586
"lambda_n[18,1]";115.38404;12.0448722128973;92.6259966279257;107.1;114.6;123.024992381662;139.919944454893
"lambda_n[18,2]";59.60847;8.65658335571803;44.7792497549444;53.4224984203136;58.99;65.1224998560479;78.8681681305691
"lambda_n[18,3]";6.3009763;3.12417248692456;1.89768989595818;4.07024887073625;5.8514998077416;7.77199055431059;14.0222429883355
"lambda_n[18,4]";10.263296;4.67714459429468;4.07191942854181;7.14649868755671;9.39749998669859;12.6424992586491;21.7517472601139
"lambda_n[19,1]";156.50508;22.8735453235669;114.7;140.274993315111;154.049991885751;170.6;202.609990387615
"lambda_n[19,2]";123.67411;20.76818957218;88.0612330034476;109;122.14998976668;136.4;171.112482226616
"lambda_n[19,3]";14.812541;5.95083117740884;5.68302172390027;10.4;14.0449991100035;18.2749487937169;28.2422465116105
"lambda_n[19,4]";22.807584;8.04734968942993;11.2879930588317;17.1924732441607;21.7099976969137;26.67;42.2627465164095
"lambda_n[20,1]";119.13493;11.2594050374297;98.6779992091442;111.074991557223;118.8;126.7;142.102499142726
"lambda_n[20,2]";66.3447;8.45024363716973;50.5397499758823;60.1549993765413;66.0999992435703;71.7399979095048;83.3952435654232
"lambda_n[20,3]";2.34380614;1.67394838210575;0.191585519913113;1.04249964005751;1.98799899396353;3.28849988598936;6.40059890582538
"lambda_n[20,4]";31.60466;6.79309417075995;19.9797499389814;26.8;31.2249995996797;35.8124997382443;45.9289657797212
"lambda_n[21,1]";174.4417;17.5690450068424;143.597499150899;162;174;185.324994942229;210.90499768992
"lambda_n[21,2]";144.8871;14.6849109701149;116.6;134.9;144.149991328477;154.9;173.404997190714
"lambda_n[21,3]";13.677109;4.67446653132435;5.99041687088669;10.2774990875172;13.1049990461656;16.53;23.7514981556983
"lambda_n[21,4]";57.44571;12.7937984107017;36.7094998671547;48.2449930015546;55.7949191235188;64.5499976766998;85.4847448604819
"lambda_n[22,1]";103.35133;14.1979314263694;78.987498455796;93.0674998992631;102.4;112.374924983297;133.809985454629
"lambda_n[22,2]";42.8332;7.93439084732521;28.8257377352733;37.3;42.2499952662719;47.7824998038122;60.2106117623901
"lambda_n[22,3]";6.9527573;5.95636842943197;1.0847210634578;3.22099580354013;5.609;8.44474413259258;26.4969641788263
"lambda_n[22,4]";19.539263;9.28557571581887;6.99557449573582;13.2074992899968;17.97;23.639993658398;42.4134943796948
"lambda_n[23,1]";104.91804;13.3761417204561;80.6797499848928;95.0849964497974;104.3;113.3;132.604996327176
"lambda_n[23,2]";70.63728;10.0545233323635;52.4774976747694;63.0849994055011;70.1149983954931;77.8799980742896;90.5879862540841
"lambda_n[23,3]";1.574671283;1.39949918713005;0.0359797499661208;0.499199518716277;1.16849989302524;2.29199934593011;5.431
"lambda_n[23,4]";34.8911;8.67745685367824;21.1142192529011;29;34.16;39.7074978756215;55.1817489186495
"lambda_n[24,1]";119.79524;10.8900973440352;99.9554960449805;112.1;119.6;126.649970406414;141.509986244674
"lambda_n[24,2]";63.2231;7.48953315613843;48.7154918752445;58.2;63.0349982152772;68.0099977948743;78.2712496108862
"lambda_n[24,3]";4.6298903;3.3785208355421;0.532714734455326;2.01223312794597;3.85349996756196;6.37824998530238;13.010499625667
"lambda_n[24,4]";27.46109;9.75818255694751;12.9984966147099;20.5874995445528;25.9449956639041;33.192499717585;50.321249394896
"lambda_n[25,1]";53.54869;14.4611611970501;30.482716171451;43.337499783658;52.01;61.9224877426238;88.3729980158055
"lambda_n[25,2]";47.21272;11.130780065497;28.6089993177921;39.23;46.1549975625609;54.3224956868125;71.3214993851554
"lambda_n[25,3]";5.0123006;3.40619120513009;0.595677006183335;2.36474996034963;4.28849927130692;7.06824775983505;12.9014966092157
"lambda_n[25,4]";18.224434;7.39201285250882;8.09184680147546;13.2674992932085;16.72;21.6424891789431;36.056973629894
"lambda_n[26,1]";101.21178;34.6173744128991;48.453734227905;77.1599980556515;97.8899816120118;120.799875964636;184
"lambda_n[26,2]";45.37434;13.0572071524895;23.6897499485399;35.387499735051;44.4299954985368;54.4049937988052;72.920749849619
"lambda_n[26,3]";4.45283305;3.5053970240297;0.551554928258634;1.81449482376883;3.4609986997975;5.97246687020151;13.2504996324407
"lambda_n[26,4]";25.605745;11.7023425782103;10.8889982050246;17.7774868038223;23.1499978401727;30.62;58.1259879542766
"lambda_n[27,1]";320.6461;51.6856681593949;236.497499484529;284.174996700589;314.849996029856;347.549989212255;444.447401274907
"lambda_n[27,2]";185.9276;34.1080776239178;133.1;159.049976412619;178.849993010903;212.849982387475;253.702499519734
"lambda_n[27,3]";6.5410903;4.5847462343241;1.15208601266353;3.35149988808754;5.50499990917348;8.49024681096724;19.1824936674509
"lambda_n[27,4]";18.796487;10.82160425281;6.60626615818901;11.9024929051896;16.5599969806761;22.2849983177569;43.005237540768
"lambda_n[28,1]";111.36046;19.0101017661021;79.7987189616803;98.2649812916777;109.049988537368;121.349969114614;154.004996837119
"lambda_n[28,2]";94.87984;16.3969071088769;70.2384993750044;83.2524944806005;92.7349966301827;103.6;131.004996282362
"lambda_n[28,3]";8.5313711;5.06560559737559;2.66389104891103;4.81574998053128;7.19349956558002;10.7949965283128;20.4444807925333
"lambda_n[28,4]";68.956;17.4144970270952;40.0794998783283;55.8674998321822;66.9899731303126;81.1349884499281;106.312471425466
"lambda_n[29,1]";139.66825;33.2525102672953;85.4727379824079;115.874991907057;136.449990839135;159.024994105936;214.207494883918
"lambda_n[29,2]";55.9951;14.9531298959008;33.1;45.6874997947867;54.0249942156406;63.804985314464;91.9924986760751
"lambda_n[29,3]";15.85352;7.59720648185423;4.96645102620162;9.90674726355653;15.0049925024973;20.23999259381;34.1854828148805
"lambda_n[29,4]";41.49071;14.0894462379183;20.1442177615395;31.1199951778821;39.5099949379901;49.7749992467106;75.3399742040338
"lambda_n[30,1]";174.7581;24.0409546792945;129.684966068556;159.974994138488;173.1;190.1;225.80249946041
"lambda_n[30,2]";72.40327;14.5023619493243;48.3644877683017;62.0299975812953;70.7349998232841;81.1449884513509;105.102498841116
"lambda_n[30,3]";13.019801;5.80497312400061;4.51382486756804;8.60774519300468;12.2049989758295;15.9824853507908;27.3055753960126
"lambda_n[30,4]";55.83844;20.794101134899;28.1084984369708;42.2824980040215;52.5549997621539;63.76;109.304995545164
"lambda_n[31,1]";159.83789;41.2660407619639;88.3169980111283;130.649971282702;153.999870129815;183.674954087872;250.80499805724
"lambda_n[31,2]";75.10087;19.9729907600991;43.7602073985599;59.8399598572528;72.5299937956705;88.4573043539867;117.502498963347
"lambda_n[31,3]";9.5933063;7.249822894363;1.13784961311169;4.20749777006861;7.21049998266417;14.0749973369626;27.620749603153
"lambda_n[31,4]";44.71794;17.5685962253599;20.2979961476375;32.84;41.0199987810824;52.5199885815767;91.4172031176278
"lambda_n[32,1]";67.59206;19.0049427256281;40.9967449658608;54.6449938215098;64.13;76.2824998771069;118.427376205255
"lambda_n[32,2]";49.02649;15.4288467388717;26.3069933094352;38.1824879616057;45.8749539509306;56.3349833683182;88.0834972908114
"lambda_n[32,3]";8.878944;5.26963631361233;2.22560817115651;5.03149992545966;7.65798720291435;11.8349968332155;21.853489113402
"lambda_n[32,4]";38.50358;12.280752634463;21.3492494857655;29.8574996859735;35.88;44.8424997909505;69.3427044973203
"lambda_n[33,1]";186.7682;22.9980320514221;144.794996630223;171.5;185.6;202.2;232.302499475504
"lambda_n[33,2]";88.65284;13.704700637152;64.323738128817;79.24;87.8999977246871;96.8949965175669;116.4
"lambda_n[33,3]";3.13832388;2.30011455065884;0.40034127954918;1.51149975179258;2.62249880838867;4.10799416531068;9.35472966094695
"lambda_n[33,4]";27.7059;8.66331202053609;15.1197499193597;21.2074995578699;26.2249995233556;32.57;48.2407497727143
"lambda[1]";303.8207;34.1609703229197;246.479968289226;279.94998660156;300.049995834027;325.799953978314;379.402499678825
"lambda[2]";310.1174;28.0512018845391;258.894998116075;290.474996772157;308.599983797796;329.9;366.914988054559
"lambda[3]";105.54857;16.2395860233354;77.5787496070935;94.2599984084318;103.59995173744;115.3;139.909986087653
"lambda[4]";252.1852;51.888864655485;169.487481989351;216.4;243.099979432332;280.724996660829;373.737426813946
"lambda[5]";197.2837;14.3681811284149;170.1;187.674995003775;196.9;206.4;226.509991400725
"lambda[6]";221.2577;19.3748989008309;189.597499356976;207.5;219;234.1;264.424954019519
"lambda[7]";89.78295;31.4726072610025;45.2792497576516;65.844999430423;83.7399946262238;107.824782969082;167.804997097033
"lambda[8]";61.81133;10.3429198160588;45.82;54.4049993106406;60.8249948623097;68.1549994498374;84.6
"lambda[9]";60.89611;13.5658334430622;40.365239067705;50.9924585929997;59.3249997892963;68.692496588883;91.1072387724937
"lambda[10]";136.74857;23.9752342493752;100.994995166966;118.849968429909;132.899962377722;151.3;194.10499749011
"lambda[11]";64.32719;16.9389653092994;39.2287492226781;53.0249936326757;61.3999991856677;72.4974988363272;107.10748977725
"lambda[12]";148.4895;14.7433145891646;121.397498995543;138.349972881761;147.9;157.8;179.712483075652
"lambda[13]";249.8343;35.0572218282098;192.89749936798;224.6;244.149994880196;272.224996556579;325.732436926886
"lambda[14]";82.22206;11.8739350128375;62.19;73.93;81.0949998458598;89.8974990615355;108.404995508223
"lambda[15]";197.7897;37.1390631804832;137.287477755284;171.3;193.099974106679;219.2;285.822465530241
"lambda[16]";241.7882;34.9863167984731;189.194997421567;219.474995727794;235.8;258.7;327.909994057836
"lambda[17]";262.4012;47.8877754505009;182.249730636333;229.349983644689;258.649995167214;288.224996747709;377.449871275598
"lambda[18]";212.6133;20.5477644461322;175.08497488622;199.149981163666;211.549994091231;224.849983327157;256.3
"lambda[19]";314.125;35.7915821437437;252.269930221373;288.074996745263;311.949995992948;338.1;387.112492135659
"lambda[20]";256.6037;21.2233575858585;217.394997756231;241.474996117074;256.2;271.724996550244;297.50499836207
"lambda[21]";345.8207;27.7327121795694;296.297499588585;326.474997128124;344.049996366807;364.299958840206;404.31998073249
"lambda[22]";182.6495;20.6139436892707;145.49499664645;167.6;182.049993133754;197.3;222.924945483966
"lambda[23]";207.6439;22.7435417532424;166.787481697235;191.074995092694;206.4;222.924995795178;255.60749571194
"lambda[24]";206.2545;16.8560637942741;176.992493796043;194.874995188401;205.149993906897;216.824995676901;243.112487483522
"lambda[25]";130.81997;26.8889121888149;87.5569622194803;111.974991625102;127.549990199921;146.2;196.209990074482
"lambda[26]";171.92447;45.9617026167061;95.32;140.1;168.4;200.224995318547;276.704998239002
"lambda[27]";584.0633;73.5390083483511;451.249891662534;534.074998244519;579.949980601775;631.924998516516;739.712167640925
"lambda[28]";263.5852;36.6325175534293;199.389990207728;237.3;261.849995226274;285.724996719256;346.102499647929
"lambda[29]";264.5228;43.5915342930485;195.2;231.3;259.949995191383;292.8;363.302499664594
"lambda[30]";301.4716;37.1509844969025;233.279966490985;276.324969454247;299.649995828466;326.024997124748;375.002499675057
"lambda[31]";282.3202;53.1183615362173;184.2;244.574996166297;278.749995515695;316.72499704033;388.709994986673
"lambda[32]";147.46379;32.1315155575944;100.197498782883;125.574992532359;141.3;160.9;235.807495352175
"lambda[33]";330.3609;45.7744507507357;248.897499510216;295.674996828932;327.849996187281;359.724997394084;426.107497426973
"Nesc[1,1]";162.76;22.8748696096756;126;144;162;178;211.024942418921
"Nesc[1,2]";64.19;8.7483961063977;51;58;63;69;85
"Nesc[1,3]";6.134;1.4779134711573;5;5;6;7;10
"Nesc[1,4]";22.813;5.3352127882115;18;19;21;24;39
"Nesc[2,1]";140.175;10.3573959396487;126;132;139;146;166
"Nesc[2,2]";58.916;4.42023556866401;53;56;58;61;70
"Nesc[2,3]";17.467;2.45946334796027;15;16;17;19;23
"Nesc[2,4]";44.575;4.34064698129394;39;41;44;47;55
"Nesc[3,1]";59.683;9.47630261817927;45;52;59;66;82
"Nesc[3,2]";11.448;2.18862652960392;9;10;11;13;17
"Nesc[3,3]";71.196;8.90802654559005;58;64;70;77;92
"Nesc[3,4]";31.094;8.24008877762024;20;25;29;36;51
"Nesc[4,1]";126.105;40.4432643666734;62;98.7490474114707;118.498945142984;150;222
"Nesc[4,2]";36.826;14.4019144261844;18;27;33;44;78
"Nesc[4,3]";4.374;4.19758784824615;1;2;3;6;17
"Nesc[4,4]";9.209;5.63551932638671;3;5;8;12;25.0245249673397
"Nesc[5,1]";112.089;3.88151325453684;108;109;111;114;122.024900638259
"Nesc[5,2]";13.622;0.952902945752622;13;13;13;14;16
"Nesc[5,3]";12.688;2.161788456193;11;11;12;14;19
"Nesc[5,4]";61.737;8.23125656170336;53;56;59;66;82
"Nesc[6,1]";125.001;2.56389792553693;123;123;124;126;133
"Nesc[6,2]";52.934;1.45318813501754;52;52;52;53;57
"Nesc[6,3]";14.127;1.40671598051982;13;13;14;15;18
"Nesc[6,4]";12.562;1.85299476242908;11;11;12;13;17
"Nesc[7,1]";45.966;20.6696414598337;17;30;42;58;93.0248698719292
"Nesc[7,2]";33.963;13.1711468790728;19;25;31;38;70.0248275130909
"Nesc[7,3]";7.012;6.71140066594887;1;3;5;8;28
"Nesc[7,4]";10.417;6.57787042889866;2;6;9;13;28
"Nesc[8,1]";31.992;2.011462647424;30;30;31;33;37
"Nesc[8,2]";14.629;0.996168334846752;14;14;14;15;17
"Nesc[8,3]";2.104;1.53542878100599;1;1;2;3;7
"Nesc[8,4]";2.836;2.20226110031348;1;1;2;4;9
"Nesc[9,1]";22.328;6.0919231386753;15;18;21;25;38
"Nesc[9,2]";13.728;3.64819480364266;9;11;13;16;23
"Nesc[9,3]";2.246;3.64180542406466;0;0;1;3;10
"Nesc[9,4]";7.31;3.92725391632924;2;4;7;10;17
"Nesc[10,1]";85.202;12.7940957040693;68;75;82;94.2490088038354;114
"Nesc[10,2]";17.371;4.90626440690169;12;14;16;20;29.0245890435771
"Nesc[10,3]";7.918;3.87172652265966;4;5;7;9;19
"Nesc[10,4]";4.482;3.09891582319999;1;2;4;6;12
"Nesc[11,1]";22.348;8.27546852929666;11.973924957502;16;21;26;43.0247208354122
"Nesc[11,2]";21.93;7.83980628348447;12.9740121304211;17;20;25;45.0247330645078
"Nesc[11,3]";3.356;2.83077326490083;1;1;2;4;11.023954172796
"Nesc[11,4]";10.536;7.82175708417769;2;5;9;14;29
"Nesc[12,1]";80.564;5.37520202381239;72;77;80;84;92.0248684675247
"Nesc[12,2]";53.561;4.00803484806998;47;51;53;56;63
"Nesc[12,3]";0.274;0.615876045404677;0;0;0;0;2
"Nesc[12,4]";3.843;2.38999227259484;2;2;3;5;11
"Nesc[13,1]";135.95;19.1018423294817;107;122;133;147.249364763896;179
"Nesc[13,2]";107.56;16.4945588140596;80;96;106;118;145
"Nesc[13,3]";0.534;1.03436643116157;0;0;0;1;4
"Nesc[13,4]";6.16;4.13297489485255;3;3;5;7;18
"Nesc[14,1]";28.35;3.20402337160105;25;26;27;30;37
"Nesc[14,2]";10.708;1.82374945155908;9;9;10;11.2419027848419;15
"Nesc[14,3]";1.039;2.12225893400946;0;0;0;1;7.02499999999998
"Nesc[14,4]";4.453;4.39808300673534;1;1;2;6;16.0242682347379
"Nesc[15,1]";107.876;24.5427580147581;72.9748315268186;90;103;121;163.074335114142
"Nesc[15,2]";53.841;14.8268524830645;34;43;51;62;89
"Nesc[15,3]";1.822;2.56142087070377;0;0;1;2;9.02499999999998
"Nesc[15,4]";15.334;6.35663832940422;7;11;14;18;33
"Nesc[16,1]";137.06;16.7559888745237;113;126;134;144;185
"Nesc[16,2]";65.674;8.04365740347166;54;60;65;69;88
"Nesc[16,3]";8.287;2.89049926240883;5;6;8;10;15
"Nesc[16,4]";22.319;7.53910320111597;13;17;20;26;42
"Nesc[17,1]";132.598;27.9065076490981;87;112;130;149;196
"Nesc[17,2]";115.214;23.3288756788758;78;99;112;128;172
"Nesc[17,3]";11.602;7.74774958446797;2;6;10;15;31.0246150085825
"Nesc[17,4]";24.496;13.9839026574677;7;15;21;31;55.0247810261103
"Nesc[18,1]";113.702;6.50642217578367;104;109;112;118;129
"Nesc[18,2]";59.974;3.99691121984205;54;57;59;63;69
"Nesc[18,3]";6.059;2.48589997761348;4;4;5;7;13
"Nesc[18,4]";8.265;3.82248432127411;5;6;7;9.24021086472307;17.0473366775717
"Nesc[19,1]";155.883;21.480939033053;118.974897013882;141;153;170;202
"Nesc[19,2]";126.52;17.6832773630427;97.9748747959363;114;124;137;164
"Nesc[19,3]";15.788;5.3719562464631;8;12;15;19;29
"Nesc[19,4]";21.421;7.50520400036449;11;16;20;24;38.0246847261877
"Nesc[20,1]";117.638;3.6265835311086;112;115;117;120;126
"Nesc[20,2]";63.336;2.54628898351848;59;61;63;65;69
"Nesc[20,3]";1.377;0.77166473708889;1;1;1;2;4
"Nesc[20,4]";31.116;4.22165445842816;26;28;30;33;42
"Nesc[21,1]";173.893;11.4979021022425;154;166;173;181;198.024938650863
"Nesc[21,2]";149.419;8.99379382281623;133.974908599174;143;149;155;169
"Nesc[21,3]";14.045;3.60221472860114;9;11;14;16;23
"Nesc[21,4]";60.28;10.9643886203389;44;52;58;67;85
"Nesc[22,1]";102.786;10.5858520802184;84;95;102;109;126
"Nesc[22,2]";40.17;5.03750697036505;32;36;40;44;51
"Nesc[22,3]";6.266;5.57515258323271;2;3;5;7;24
"Nesc[22,4]";18.074;8.69494831072193;8.97353779608127;12;16;21.2456558021704;41
"Nesc[23,1]";103.68;10.1013681072238;87;97;102;110;127
"Nesc[23,2]";71.501;6.51970133560622;61;67;71;75;87
"Nesc[23,3]";0.674;1.04633590152437;0;0;0;1;3.02499999999998
"Nesc[23,4]";37.1;7.17617568747432;27;32;36;40.2476898530255;55
"Nesc[24,1]";120.597;3.25317908731969;116;118;120;122;129
"Nesc[24,2]";62.61;2.47548541260659;59;61;62;64;68
"Nesc[24,3]";3.861;2.90759920434938;1;2;3;5;12
"Nesc[24,4]";27.404;8.83123857535141;15;21;26;32;48.0247495230643
"Nesc[25,1]";49.78;13.6894485280088;28;40;48;57;82.0248525544858
"Nesc[25,2]";47.505;9.73019278594477;32;40;47;54;70
"Nesc[25,3]";4.651;3.28237307035215;1;2;4;6;13
"Nesc[25,4]";17.186;6.96677399805247;9;12;15;20;35
"Nesc[26,1]";101.725;33.8474670548038;48;78;98;120;182
"Nesc[26,2]";44.403;12.6937670816319;24.9744992680224;35;43;53;73.0248345383884
"Nesc[26,3]";3.895;3.3676870870549;1;1;3;5;13
"Nesc[26,4]";26.748;11.6017712913631;13.9740862223775;19;24;31;61.0248023352241
"Nesc[27,1]";320.056;48.894801007526;242.974949709384;285;315;345;436.149002717134
"Nesc[27,2]";185.818;31.3800826255379;137;161;182;209;251
"Nesc[27,3]";6.323;4.61280272165946;2;3;5;8;19
"Nesc[27,4]";17.245;10.8601527575775;6;11;15;20;42
"Nesc[28,1]";106.276;16.4393453664091;80;95;105;115.249188893208;143
"Nesc[28,2]";97.624;14.2568538563696;76;87;96;105;126.024903776227
"Nesc[28,3]";7.955;4.35039089058683;3;5;7;10;20
"Nesc[28,4]";68.902;16.089912407508;43;57;67;80;105
"Nesc[29,1]";139.989;31.8587485450835;89;117;137;157;209.024941869634
"Nesc[29,2]";54.352;13.4928927274382;33.9746344479613;45;53;62;87
"Nesc[29,3]";16.06;7.39195786250443;6;11;15;20;34.0246483364455
"Nesc[29,4]";41.94;13.6132920971278;22;32;39;50;73.0248345383884
"Nesc[30,1]";174.119;22.5611135107034;133;159;173;187;221.024945016667
"Nesc[30,2]";70.849;12.6085357664629;50;62;69;78;100.024878921423
"Nesc[30,3]";13.684;5.54264060397793;6;10;13;17;28
"Nesc[30,4]";57.512;19.9172425941081;32;44;54;66;108.024887835956
"Nesc[31,1]";161.476;41.1954668682185;92;132;157;185.249494835211;251.024951571201
"Nesc[31,2]";74.633;18.6116281851885;45.9747312001666;61;73;86;116.02489552782
"Nesc[31,3]";9.02;6.62204284578796;2;4;7;13;26
"Nesc[31,4]";45.778;16.9226206921709;23;34;42;53;91.0248670324753
"Nesc[32,1]";66.051;18.9212159073198;40;53;61.4979674460872;74;117.074078029548
"Nesc[32,2]";48.712;14.2463333533234;29;38.7475595526192;46;56;83.0248543169868
"Nesc[32,3]";8.571;4.51722972233695;3;5;8;11;20.0244099661364
"Nesc[32,4]";38.67;11.0311734093335;24;31;36;43.2478488794543;68
"Nesc[33,1]";188.766;19.6440100572956;151;175;188;202;228
"Nesc[33,2]";89.022;11.0650780364149;71;81;88;96;113.024892770264
"Nesc[33,3]";2.509;1.81692603597951;1;1;2;3;7
"Nesc[33,4]";29.119;7.72738969843967;19;23;27;33;49
"Nesc_1SW[1]";226.95;29.5531874912147;180.974932419827;203;224;248;289
"Nesc_1SW[2]";199.091;13.9585658489889;180;188;198;207;234
"Nesc_1SW[3]";71.131;10.8215037746121;55;63;70;78;96.0248739107841
"Nesc_1SW[4]";162.931;47.6904247791484;88;132;155;189;269.049819655403
"Nesc_1SW[5]";125.711;4.38345682010142;121;122;124;128;137
"Nesc_1SW[6]";177.935;3.64802454529614;175;176;177;179;188.024935398988
"Nesc_1SW[7]";79.929;30.1026265818637;40;58;74;95;159.049695911671
"Nesc_1SW[8]";46.621;2.57837293792171;44;45;46;48;53
"Nesc_1SW[9]";36.056;8.94196973953853;25;30;34;40;60
"Nesc_1SW[10]";102.573;16.6686086256026;81;90;98;114;141.024913965286
"Nesc_1SW[11]";44.278;14.7707444257522;26;34;42;50.2481465786602;88
"Nesc_1SW[12]";134.125;7.98631054718987;121;128;133;139;152
"Nesc_1SW[13]";243.51;30.8180085282883;196;220;238.49947589041;263;312.024961019728
"Nesc_1SW[14]";39.058;4.34436525967943;34;36;38;41;50
"Nesc_1SW[15]";161.717;34.7884340858589;112;138;156;179;245
"Nesc_1SW[16]";202.734;23.2150852719559;169.974928029976;187;199;212;272
"Nesc_1SW[17]";247.812;46.5892822140159;173.974929690749;216;242.499484535535;273;363
"Nesc_1SW[18]";173.676;9.40656725418511;159.974923513245;166;173;180;195
"Nesc_1SW[19]";282.403;33.1109185001553;227.974946391203;259;279;304;354
"Nesc_1SW[20]";180.974;5.08971799112969;173;177;180;184;192
"Nesc_1SW[21]";323.312;17.1347674701543;293;311;323;335;361
"Nesc_1SW[22]";142.956;13.5366652209954;119;134;142;152;172.024929412483
"Nesc_1SW[23]";175.181;14.3377756577096;151;165;174;183;208
"Nesc_1SW[24]";183.207;4.83503138857738;176;180;182;186;194
"Nesc_1SW[25]";97.285;20.5342501794059;64;83;95;110;142.024914568372
"Nesc_1SW[26]";146.128;41.734894481925;78;117;142;172;241
"Nesc_1SW[27]";505.874;66.4498284700849;394;457;503;548;653.049925494752
"Nesc_1SW[28]";203.9;26.7553330730127;160.974923990271;185;200.499376557634;221;264
"Nesc_1SW[29]";194.341;38.1454295138067;133;167;189;217.249569130048;276.074605402574
"Nesc_1SW[30]";244.968;27.7505147171556;191;226;244;263;301.024959598306
"Nesc_1SW[31]";236.109;50.6212764816597;145.97491614564;201;232;267;347.04986004089
"Nesc_1SW[32]";114.763;28.8359904519568;76;96;109;127;196.099018269215
"Nesc_1SW[33]";277.788;25.4700958337769;230;259;277;296;327
"Nesc_MSW[1]";28.947;6.23530833801105;23;25;27;31;48
"Nesc_MSW[2]";62.042;6.06242434913533;54;57;61;65;77
"Nesc_MSW[3]";102.29;15.6573641796138;79;90;99;112.249167279499;137
"Nesc_MSW[4]";13.583;7.28176730849971;4;8;12;17;32.0246267983117
"Nesc_MSW[5]";74.425;9.85888292721709;64;67;71;79;99
"Nesc_MSW[6]";26.689;2.75242708438477;24;25;26;28;33.0246378873792
"Nesc_MSW[7]";17.429;11.0768974291837;4.97218471324485;10;14;22;48.0247495230643
"Nesc_MSW[8]";4.94;2.99254997541484;2;3;4;6;13
"Nesc_MSW[9]";9.556;6.05702497531185;2;6;9;12;23.0244848017774
"Nesc_MSW[10]";12.4;5.82923493950793;5;8;11;15;28
"Nesc_MSW[11]";13.892;9.3787150663775;3;8;12;18;38
"Nesc_MSW[12]";4.117;2.60155320512172;2;2;3;5;11
"Nesc_MSW[13]";6.694;4.47888651613595;3;4;5;8;19
"Nesc_MSW[14]";5.492;5.55416823518921;1;1;3;8;20
"Nesc_MSW[15]";17.156;6.90487808301793;7;12;16;21;35
"Nesc_MSW[16]";30.606;9.26556067459572;19;23;29;35;54
"Nesc_MSW[17]";36.098;17.9133269741632;11;24;33;44;81.024850748816
"Nesc_MSW[18]";14.324;5.45791286233234;9;11;13;16;29.0245890435771
"Nesc_MSW[19]";37.209;11.3675212574923;21;30;35;42;63.0248085455772
"Nesc_MSW[20]";32.493;4.52575225055829;27;29;31;35;44
"Nesc_MSW[21]";74.325;12.7151504139766;56;65;72;81;105
"Nesc_MSW[22]";24.34;12.6915513423488;11;16;21;28;66
"Nesc_MSW[23]";37.774;7.44892008350274;28;33;36;41;56
"Nesc_MSW[24]";31.265;10.0916111506347;17;24;30;36.2474372410577;56
"Nesc_MSW[25]";21.837;8.21583415916673;11;16;20;26;42.0247142908124
"Nesc_MSW[26]";30.643;13.106996007642;15;22;28;35;67.0248198647617
"Nesc_MSW[27]";23.568;12.7847888847187;9;15;21;28;56.0247848910609
"Nesc_MSW[28]";76.857;17.7066675881454;48;64;75;89;117
"Nesc_MSW[29]";58;17.3905270314166;33;45.7479357190926;55;68;97
"Nesc_MSW[30]";71.196;22.8057379991459;42;57;67;80;124.024902232415
"Nesc_MSW[31]";54.798;18.6359462999466;30;41;51;64;102.024881280314
"Nesc_MSW[32]";47.241;12.8331449227619;30;38;44;54;78.0493853530316
"Nesc_MSW[33]";31.628;8.37064416181238;20;25;30;36;52.0247685504461
"Nesc_tot[1]";255.897;31.8060688708463;207;230;253;277;322
"Nesc_tot[2]";261.133;14.8107619543921;239;249;260;270;298
"Nesc_tot[3]";173.421;18.3624327892014;143;160;172;184;212
"Nesc_tot[4]";176.514;48.315403156573;97;144;167;204.249541750862;286.099324395046
"Nesc_tot[5]";200.136;9.91159642760659;187;193;198;206;225
"Nesc_tot[6]";204.624;4.6787300108592;199;201;204;207;217
"Nesc_tot[7]";97.358;31.1140148151587;52;74;92;114;174
"Nesc_tot[8]";51.561;4.03938059553635;46;49;51;54;62
"Nesc_tot[9]";45.612;10.6945701096318;31;38;44;50;73.0493439965143
"Nesc_tot[10]";114.973;17.0876639497404;90.9748650945427;102;112;126;156.02492220313
"Nesc_tot[11]";58.17;18.6123485761341;34;46;55;66;110
"Nesc_tot[12]";138.242;8.79458815299391;124;132;137;144;158
"Nesc_tot[13]";250.204;31.9004078346974;201.974939468481;227;244.499488752022;271;319
"Nesc_tot[14]";44.55;7.17753558103455;35;39;43;49;63
"Nesc_tot[15]";178.873;35.3994631737968;127;155;172;197;264.024953950024
"Nesc_tot[16]";233.34;24.5102254406432;194.974937288188;217;231;245;300
"Nesc_tot[17]";283.91;47.8779092504486;202;252.74962858994;280;311;400
"Nesc_tot[18]";188;10.512874037128;171;180;188;195;210
"Nesc_tot[19]";319.612;35.4760201263333;258;294;316.499605055046;344;394
"Nesc_tot[20]";213.467;6.50439991223004;203;209;213;217;228
"Nesc_tot[21]";397.637;21.1308718406209;358;383;397;411;442
"Nesc_tot[22]";167.296;18.6786851056834;136.974910610328;155;165;177;215
"Nesc_tot[23]";212.955;16.0624087849854;184.974933886243;202;212;223;248
"Nesc_tot[24]";214.472;11.8655808120803;199;206;212;220;243.024949981142
"Nesc_tot[25]";119.122;22.4755481861125;81;102;117;133;167.04971036506
"Nesc_tot[26]";176.771;45.4082422855969;100;146;174;203;283
"Nesc_tot[27]";529.442;67.4922353892493;413;480;525;568.249835116487;683.074839866246
"Nesc_tot[28]";280.757;29.6550733328106;226.974946154354;260;281;298;345.024964741178
"Nesc_tot[29]";252.341;40.3410475709186;180.974932419827;225;250;279;333
"Nesc_tot[30]";316.164;38.050768257224;248.974950924421;289;314;338;403.049879426026
"Nesc_tot[31]";290.907;55.4160923766219;187.97493494496;256;286;322.249709377252;415.074736943894
"Nesc_tot[32]";162.004;28.1579269985;122;143;158;175;237.024948718347
"Nesc_tot[33]";309.416;26.3487609044752;261;289;308;328;361.024966301052
"test[1]";0.004;0.0631505185092568;0;0;0;0;0
"test[2]";0;0;0;0;0;0;0
"test[3]";0.009;0.0944877131056093;0;0;0;0;0
"test[4]";0.919;0.272971634998059;0;1;1;1;1
"test[5]";0.427;0.494889801790172;0;0;0;1;1
"test[6]";0.999;0.0316227766016838;1;1;1;1;1
"test[7]";0.992;0.0891288053546324;1;1;1;1;1
"test[8]";0.037;0.188856206322871;0;0;0;0;1
