annee;taille;NA;1;2;3
1985;92;0;0;0;0
1985;93;0;0;0;0
1985;94;0;0;0;0
1985;95;0;0;0;0
1985;96;0;0;0;0
1985;97;0;0;0;0
1985;98;0;0;0;0
1985;99;0;0;0;0
1985;100;0;0;0;0
1985;101;0;0;0;0
1985;102;0;0;0;0
1985;103;0;0;0;0
1985;104;0;0;0;0
1985;105;0;0;0;0
1985;106;0;0;0;0
1985;107;0;0;0;0
1985;108;0;0;0;0
1985;109;0;0;0;0
1985;110;0;0;0;0
1985;111;0;0;0;0
1985;112;0;1;0;0
1985;113;0;0;0;0
1985;114;0;1;0;0
1985;115;1;4;0;0
1985;116;1;0;0;0
1985;117;0;0;0;0
1985;118;0;2;0;0
1985;119;0;2;0;0
1985;120;0;9;0;0
1985;121;1;3;0;0
1985;122;0;1;0;0
1985;123;0;5;0;0
1985;124;1;7;0;0
1985;125;1;10;0;0
1985;126;0;6;0;0
1985;127;0;4;0;0
1985;128;2;10;0;0
1985;129;3;3;0;0
1985;130;1;9;0;0
1985;131;1;8;1;0
1985;132;1;8;0;0
1985;133;1;10;0;0
1985;134;1;9;0;0
1985;135;2;20;1;0
1985;136;0;3;2;0
1985;137;2;2;2;0
1985;138;1;8;0;0
1985;139;1;10;0;0
1985;140;1;8;7;0
1985;141;1;5;1;0
1985;142;0;2;5;0
1985;143;0;2;4;0
1985;144;0;5;1;0
1985;145;1;6;7;0
1985;146;0;3;2;0
1985;147;0;1;3;0
1985;148;0;2;6;0
1985;149;0;0;2;0
1985;150;0;0;16;0
1985;151;0;1;7;0
1985;152;0;1;9;0
1985;153;0;0;6;0
1985;154;2;0;8;0
1985;155;0;1;10;0
1985;156;0;0;12;0
1985;157;0;0;11;0
1985;158;0;0;7;0
1985;159;0;0;10;0
1985;160;0;0;11;0
1985;161;0;0;4;0
1985;162;0;0;1;0
1985;163;0;0;7;0
1985;164;0;0;4;0
1985;165;0;0;9;0
1985;166;0;0;1;0
1985;167;0;0;2;0
1985;168;0;0;3;0
1985;169;0;0;2;0
1985;170;0;0;4;0
1985;171;0;0;2;0
1985;172;0;0;2;0
1985;173;0;0;0;0
1985;174;0;0;0;0
1985;175;0;0;2;0
1985;176;0;0;2;0
1985;177;0;0;1;0
1985;178;0;0;0;0
1985;179;0;0;0;0
1985;180;0;0;1;0
1985;181;0;0;0;0
1985;182;0;0;1;0
1985;183;0;0;0;0
1985;184;0;0;1;0
1985;185;0;0;1;0
1985;186;0;0;0;0
1985;187;0;0;0;0
1985;188;0;0;0;0
1985;189;0;0;0;0
1985;190;0;0;1;0
1985;191;0;0;0;0
1985;192;0;0;0;0
1985;193;0;0;0;0
1985;194;0;0;0;0
1985;195;0;0;0;0
1985;196;0;0;0;0
1985;197;0;0;0;0
1985;198;0;0;0;0
1985;199;0;0;0;0
1985;200;0;0;0;0
1985;201;0;0;0;0
1985;202;0;0;0;0
1985;203;0;0;0;0
1985;204;0;0;0;0
1985;205;0;0;0;0
1986;92;0;0;0;0
1986;93;0;0;0;0
1986;94;0;0;0;0
1986;95;0;0;0;0
1986;96;0;0;0;0
1986;97;0;0;0;0
1986;98;0;0;0;0
1986;99;0;0;0;0
1986;100;0;0;0;0
1986;101;0;0;0;0
1986;102;0;0;0;0
1986;103;0;0;0;0
1986;104;0;0;0;0
1986;105;0;0;0;0
1986;106;0;0;0;0
1986;107;0;1;0;0
1986;108;0;1;0;0
1986;109;0;1;0;0
1986;110;0;2;0;0
1986;111;0;1;0;0
1986;112;0;2;0;0
1986;113;0;4;0;0
1986;114;0;8;0;0
1986;115;0;1;0;0
1986;116;0;7;0;0
1986;117;0;3;0;0
1986;118;0;7;0;0
1986;119;0;17;0;0
1986;120;0;10;0;0
1986;121;0;6;0;0
1986;122;0;15;0;0
1986;123;0;13;0;0
1986;124;0;20;0;0
1986;125;0;14;0;0
1986;126;0;23;0;0
1986;127;0;23;0;0
1986;128;0;19;0;0
1986;129;0;28;0;0
1986;130;0;18;0;0
1986;131;0;25;0;0
1986;132;0;24;0;0
1986;133;0;25;0;0
1986;134;0;22;0;0
1986;135;0;18;0;0
1986;136;0;18;0;0
1986;137;0;19;0;0
1986;138;0;18;0;0
1986;139;0;10;0;0
1986;140;0;7;0;0
1986;141;0;12;0;0
1986;142;0;10;0;0
1986;143;0;10;0;0
1986;144;0;4;0;0
1986;145;0;5;0;0
1986;146;0;6;1;0
1986;147;0;2;0;0
1986;148;0;3;2;0
1986;149;0;2;0;0
1986;150;0;1;1;0
1986;151;0;3;0;0
1986;152;0;3;0;0
1986;153;0;0;0;0
1986;154;0;2;0;0
1986;155;0;1;0;0
1986;156;0;0;0;0
1986;157;0;0;0;0
1986;158;0;1;1;0
1986;159;0;0;0;0
1986;160;0;0;1;0
1986;161;0;0;0;0
1986;162;0;0;0;0
1986;163;0;0;2;0
1986;164;0;0;0;0
1986;165;0;0;1;0
1986;166;0;0;1;0
1986;167;0;0;0;0
1986;168;0;0;0;0
1986;169;0;0;0;0
1986;170;0;0;2;0
1986;171;0;0;0;0
1986;172;0;0;0;0
1986;173;0;0;1;0
1986;174;0;0;1;0
1986;175;0;0;1;0
1986;176;0;0;0;0
1986;177;0;0;0;0
1986;178;0;0;0;0
1986;179;0;0;0;0
1986;180;0;0;0;0
1986;181;0;0;0;0
1986;182;0;0;0;0
1986;183;0;0;0;0
1986;184;0;0;0;0
1986;185;0;0;0;0
1986;186;0;0;0;0
1986;187;0;0;0;0
1986;188;0;0;0;0
1986;189;0;0;0;0
1986;190;0;0;0;0
1986;191;0;0;0;0
1986;192;0;0;0;0
1986;193;0;0;0;0
1986;194;0;0;0;0
1986;195;0;0;0;0
1986;196;0;0;0;0
1986;197;0;0;0;0
1986;198;0;0;0;0
1986;199;0;0;0;0
1986;200;0;0;0;0
1986;201;0;0;0;0
1986;202;0;0;0;0
1986;203;0;0;0;0
1986;204;0;0;0;0
1986;205;0;0;0;0
1987;92;0;0;0;0
1987;93;0;1;0;0
1987;94;0;0;0;0
1987;95;0;0;0;0
1987;96;0;0;0;0
1987;97;0;0;0;0
1987;98;0;0;0;0
1987;99;0;0;0;0
1987;100;0;1;0;0
1987;101;0;1;0;0
1987;102;0;1;0;0
1987;103;0;0;0;0
1987;104;0;0;0;0
1987;105;0;1;0;0
1987;106;0;0;0;0
1987;107;0;0;0;0
1987;108;0;0;0;0
1987;109;0;2;0;0
1987;110;0;0;0;0
1987;111;0;1;0;0
1987;112;0;0;0;0
1987;113;0;0;0;0
1987;114;0;2;0;0
1987;115;0;1;0;0
1987;116;0;4;0;0
1987;117;0;3;0;0
1987;118;0;2;0;0
1987;119;0;7;0;0
1987;120;0;2;0;0
1987;121;0;5;0;0
1987;122;0;5;0;0
1987;123;0;10;0;0
1987;124;0;9;0;0
1987;125;0;6;1;0
1987;126;0;6;0;0
1987;127;0;6;0;0
1987;128;0;7;0;0
1987;129;0;6;0;0
1987;130;0;1;0;0
1987;131;0;7;0;0
1987;132;0;5;0;0
1987;133;0;4;2;0
1987;134;0;3;1;0
1987;135;0;5;1;0
1987;136;0;2;4;0
1987;137;0;3;0;0
1987;138;0;2;2;0
1987;139;0;2;1;0
1987;140;0;3;3;0
1987;141;0;0;1;0
1987;142;0;1;2;0
1987;143;0;1;1;0
1987;144;0;0;2;0
1987;145;2;1;5;0
1987;146;0;2;6;0
1987;147;0;2;3;0
1987;148;1;1;6;0
1987;149;0;0;5;0
1987;150;0;0;5;0
1987;151;1;0;6;0
1987;152;1;0;7;0
1987;153;0;0;8;0
1987;154;0;0;2;0
1987;155;0;0;6;0
1987;156;1;0;9;0
1987;157;0;0;2;0
1987;158;0;0;0;0
1987;159;0;0;4;0
1987;160;0;0;2;0
1987;161;0;0;1;0
1987;162;0;0;7;0
1987;163;2;0;1;0
1987;164;0;0;1;0
1987;165;0;0;4;0
1987;166;0;0;3;0
1987;167;0;0;1;0
1987;168;0;0;4;0
1987;169;0;0;3;0
1987;170;0;0;0;0
1987;171;0;0;1;0
1987;172;0;0;0;0
1987;173;0;0;1;0
1987;174;0;0;0;0
1987;175;0;0;0;0
1987;176;0;0;0;0
1987;177;0;0;1;0
1987;178;0;0;1;0
1987;179;0;0;1;0
1987;180;0;0;0;0
1987;181;0;0;1;0
1987;182;0;0;0;0
1987;183;0;0;0;0
1987;184;0;0;0;0
1987;185;0;0;0;0
1987;186;0;0;0;0
1987;187;0;0;0;0
1987;188;0;0;0;0
1987;189;0;0;0;0
1987;190;0;0;0;0
1987;191;0;0;0;0
1987;192;0;0;0;0
1987;193;0;0;0;0
1987;194;0;0;0;0
1987;195;0;0;0;0
1987;196;0;0;0;0
1987;197;0;0;0;0
1987;198;0;0;0;0
1987;199;0;0;0;0
1987;200;0;0;0;0
1987;201;0;0;0;0
1987;202;0;0;0;0
1987;203;0;0;0;0
1987;204;0;0;0;0
1987;205;0;0;1;0
1988;92;0;0;0;0
1988;93;0;0;0;0
1988;94;0;0;0;0
1988;95;0;0;0;0
1988;96;0;0;0;0
1988;97;0;0;0;0
1988;98;0;0;0;0
1988;99;0;0;0;0
1988;100;0;0;0;0
1988;101;0;0;0;0
1988;102;0;0;0;0
1988;103;0;1;0;0
1988;104;0;0;0;0
1988;105;0;1;0;0
1988;106;0;1;0;0
1988;107;0;0;0;0
1988;108;0;2;0;0
1988;109;0;1;0;0
1988;110;0;2;0;0
1988;111;0;0;0;0
1988;112;0;1;0;0
1988;113;0;3;0;0
1988;114;0;5;0;0
1988;115;0;2;0;0
1988;116;0;2;0;0
1988;117;0;2;0;0
1988;118;0;6;0;0
1988;119;0;6;0;0
1988;120;0;2;0;0
1988;121;0;10;0;0
1988;122;0;11;0;0
1988;123;0;9;0;0
1988;124;0;11;0;0
1988;125;0;10;0;0
1988;126;0;10;0;0
1988;127;0;8;0;0
1988;128;0;14;0;0
1988;129;0;9;0;0
1988;130;0;3;0;0
1988;131;0;11;0;0
1988;132;0;19;0;0
1988;133;0;18;0;0
1988;134;0;7;1;0
1988;135;0;11;0;0
1988;136;0;11;0;0
1988;137;0;6;0;0
1988;138;0;10;0;0
1988;139;0;6;0;0
1988;140;0;6;0;0
1988;141;0;4;1;0
1988;142;0;4;1;0
1988;143;0;3;0;0
1988;144;0;6;0;0
1988;145;0;4;0;0
1988;146;0;4;0;0
1988;147;0;0;0;0
1988;148;0;2;1;0
1988;149;0;3;0;0
1988;150;0;1;1;0
1988;151;0;0;1;0
1988;152;0;0;0;0
1988;153;0;0;2;0
1988;154;0;1;1;0
1988;155;0;0;0;0
1988;156;0;0;2;0
1988;157;0;0;0;0
1988;158;0;1;1;0
1988;159;0;0;0;0
1988;160;0;0;1;0
1988;161;0;0;0;0
1988;162;0;0;0;0
1988;163;0;1;1;0
1988;164;0;0;2;0
1988;165;0;0;0;0
1988;166;0;1;0;0
1988;167;0;2;0;0
1988;168;0;0;0;0
1988;169;0;1;1;0
1988;170;0;0;0;0
1988;171;0;0;0;0
1988;172;0;0;0;0
1988;173;0;0;1;0
1988;174;0;0;1;0
1988;175;0;0;0;0
1988;176;0;0;1;0
1988;177;0;0;0;0
1988;178;0;0;0;0
1988;179;0;0;1;0
1988;180;0;0;1;0
1988;181;0;0;0;0
1988;182;0;0;0;0
1988;183;0;0;0;0
1988;184;0;0;0;0
1988;185;0;0;0;0
1988;186;0;0;0;0
1988;187;0;0;0;0
1988;188;0;0;0;0
1988;189;0;0;0;0
1988;190;0;0;0;0
1988;191;0;0;0;0
1988;192;0;0;0;0
1988;193;0;0;0;0
1988;194;0;0;0;0
1988;195;0;0;0;0
1988;196;0;0;0;0
1988;197;0;0;0;0
1988;198;0;0;0;0
1988;199;0;0;0;0
1988;200;0;0;0;0
1988;201;0;0;0;0
1988;202;0;0;0;0
1988;203;0;0;0;0
1988;204;0;0;0;0
1988;205;0;0;0;0
1989;92;0;0;0;0
1989;93;0;0;0;0
1989;94;0;0;0;0
1989;95;0;0;0;0
1989;96;0;0;0;0
1989;97;0;0;0;0
1989;98;0;0;0;0
1989;99;0;0;0;0
1989;100;0;0;0;0
1989;101;0;0;0;0
1989;102;0;0;0;0
1989;103;0;0;0;0
1989;104;0;0;0;0
1989;105;0;0;0;0
1989;106;0;0;0;0
1989;107;0;0;0;0
1989;108;0;0;0;0
1989;109;0;0;0;0
1989;110;0;0;0;0
1989;111;0;0;0;0
1989;112;0;1;0;0
1989;113;0;1;0;0
1989;114;0;2;0;0
1989;115;0;1;0;0
1989;116;0;0;0;0
1989;117;0;1;0;0
1989;118;0;1;0;0
1989;119;0;2;0;0
1989;120;0;1;0;0
1989;121;0;5;0;0
1989;122;0;6;0;0
1989;123;0;7;0;0
1989;124;0;6;0;0
1989;125;0;6;0;0
1989;126;0;11;0;0
1989;127;0;12;0;0
1989;128;0;12;0;0
1989;129;0;16;0;0
1989;130;0;17;1;0
1989;131;0;16;0;0
1989;132;0;24;0;0
1989;133;0;24;0;0
1989;134;0;23;0;0
1989;135;0;25;0;0
1989;136;0;27;1;0
1989;137;0;20;0;0
1989;138;0;21;0;0
1989;139;0;23;2;0
1989;140;0;18;0;0
1989;141;0;21;4;0
1989;142;0;17;1;0
1989;143;0;15;1;0
1989;144;0;17;2;0
1989;145;0;22;4;0
1989;146;0;8;5;0
1989;147;0;11;3;0
1989;148;0;7;1;0
1989;149;0;5;2;0
1989;150;0;6;2;0
1989;151;0;6;3;0
1989;152;0;7;1;0
1989;153;0;4;1;0
1989;154;0;2;2;0
1989;155;0;0;3;0
1989;156;0;2;2;0
1989;157;0;1;2;0
1989;158;0;1;1;0
1989;159;0;1;2;0
1989;160;0;0;0;0
1989;161;0;0;0;0
1989;162;0;0;2;0
1989;163;0;0;1;0
1989;164;0;0;0;0
1989;165;0;0;2;0
1989;166;0;0;2;0
1989;167;0;0;1;0
1989;168;0;0;0;0
1989;169;0;0;0;0
1989;170;0;0;0;0
1989;171;0;1;1;0
1989;172;0;0;0;0
1989;173;0;0;0;0
1989;174;0;0;1;0
1989;175;0;0;0;0
1989;176;0;0;0;0
1989;177;0;0;0;0
1989;178;0;0;0;0
1989;179;0;0;1;0
1989;180;0;0;0;0
1989;181;0;0;0;0
1989;182;0;0;0;0
1989;183;0;0;0;0
1989;184;0;0;0;0
1989;185;0;0;1;0
1989;186;0;0;0;0
1989;187;0;0;0;0
1989;188;0;0;0;0
1989;189;0;0;0;0
1989;190;0;0;0;0
1989;191;0;0;0;0
1989;192;0;0;0;0
1989;193;0;0;0;0
1989;194;0;0;0;0
1989;195;0;0;0;0
1989;196;0;0;0;0
1989;197;0;0;0;0
1989;198;0;0;0;0
1989;199;0;0;0;0
1989;200;0;0;0;0
1989;201;0;0;0;0
1989;202;0;0;0;0
1989;203;0;0;0;0
1989;204;0;0;0;0
1989;205;0;0;0;0
1990;92;0;0;0;0
1990;93;0;0;0;0
1990;94;0;0;0;0
1990;95;0;1;0;0
1990;96;0;0;0;0
1990;97;0;0;0;0
1990;98;0;0;0;0
1990;99;0;0;0;0
1990;100;0;1;0;0
1990;101;0;0;0;0
1990;102;0;0;0;0
1990;103;0;0;0;0
1990;104;0;2;0;0
1990;105;0;3;0;0
1990;106;0;0;0;0
1990;107;0;1;0;0
1990;108;0;2;0;0
1990;109;0;2;0;0
1990;110;0;1;0;0
1990;111;0;3;0;0
1990;112;0;5;0;0
1990;113;0;3;0;0
1990;114;0;3;0;0
1990;115;0;4;0;0
1990;116;0;5;0;0
1990;117;0;6;0;0
1990;118;0;13;0;0
1990;119;0;10;0;0
1990;120;0;8;0;0
1990;121;0;17;0;0
1990;122;0;23;0;0
1990;123;0;20;0;0
1990;124;0;17;1;0
1990;125;0;33;0;0
1990;126;0;21;0;0
1990;127;0;29;0;0
1990;128;0;24;0;0
1990;129;0;26;0;0
1990;130;0;28;0;0
1990;131;0;26;0;0
1990;132;0;28;0;0
1990;133;0;36;1;0
1990;134;0;23;1;0
1990;135;0;35;0;0
1990;136;0;27;1;0
1990;137;0;18;0;0
1990;138;0;24;1;0
1990;139;0;29;0;0
1990;140;0;22;1;0
1990;141;0;19;0;0
1990;142;0;11;1;0
1990;143;0;19;1;0
1990;144;0;11;2;0
1990;145;0;14;0;0
1990;146;0;4;2;0
1990;147;0;7;2;0
1990;148;0;6;1;0
1990;149;0;6;1;0
1990;150;0;4;0;0
1990;151;0;5;1;0
1990;152;0;4;0;0
1990;153;0;2;0;0
1990;154;0;3;2;0
1990;155;0;2;2;0
1990;156;0;2;2;0
1990;157;0;1;1;0
1990;158;0;0;1;0
1990;159;0;0;2;0
1990;160;0;0;1;0
1990;161;0;0;1;0
1990;162;0;0;1;0
1990;163;0;0;0;0
1990;164;0;0;1;0
1990;165;0;0;2;0
1990;166;0;0;1;0
1990;167;0;0;0;0
1990;168;0;0;0;0
1990;169;0;0;0;0
1990;170;0;0;0;0
1990;171;0;0;1;0
1990;172;0;0;0;0
1990;173;0;0;1;0
1990;174;0;0;1;0
1990;175;0;0;0;0
1990;176;0;0;1;0
1990;177;0;0;0;0
1990;178;0;0;1;0
1990;179;0;0;0;0
1990;180;0;0;0;0
1990;181;0;0;0;0
1990;182;0;0;0;0
1990;183;0;0;0;0
1990;184;0;0;0;0
1990;185;0;0;0;0
1990;186;0;0;0;0
1990;187;0;0;0;0
1990;188;0;0;0;0
1990;189;0;0;0;0
1990;190;0;0;0;0
1990;191;0;0;0;0
1990;192;0;0;0;0
1990;193;0;0;0;0
1990;194;0;0;0;0
1990;195;0;0;0;0
1990;196;0;0;0;0
1990;197;0;0;0;0
1990;198;0;0;0;0
1990;199;0;0;0;0
1990;200;0;0;0;0
1990;201;0;0;0;0
1990;202;0;0;0;0
1990;203;0;0;0;0
1990;204;0;0;0;0
1990;205;0;0;0;0
1991;92;0;0;0;0
1991;93;0;0;0;0
1991;94;0;0;0;0
1991;95;0;0;0;0
1991;96;0;0;0;0
1991;97;0;0;0;0
1991;98;0;0;0;0
1991;99;0;0;0;0
1991;100;0;0;0;0
1991;101;0;0;0;0
1991;102;0;0;0;0
1991;103;0;0;0;0
1991;104;0;0;0;0
1991;105;0;0;0;0
1991;106;0;0;0;0
1991;107;0;0;0;0
1991;108;0;0;0;0
1991;109;0;0;0;0
1991;110;0;0;0;0
1991;111;0;0;0;0
1991;112;0;0;0;0
1991;113;0;2;0;0
1991;114;0;0;0;0
1991;115;0;1;0;0
1991;116;0;0;0;0
1991;117;0;0;0;0
1991;118;0;0;0;0
1991;119;0;1;0;0
1991;120;0;1;0;0
1991;121;0;1;0;0
1991;122;0;2;0;0
1991;123;0;3;0;0
1991;124;0;1;0;0
1991;125;0;5;0;0
1991;126;0;0;0;0
1991;127;0;0;0;0
1991;128;0;3;0;0
1991;129;0;0;0;0
1991;130;0;5;0;0
1991;131;0;5;0;0
1991;132;0;7;0;0
1991;133;0;7;0;0
1991;134;0;2;0;0
1991;135;0;7;0;0
1991;136;0;3;0;0
1991;137;0;1;1;0
1991;138;0;4;0;0
1991;139;0;0;0;0
1991;140;0;2;0;0
1991;141;0;3;2;0
1991;142;0;3;0;0
1991;143;0;4;0;0
1991;144;0;2;0;0
1991;145;0;4;0;0
1991;146;0;1;0;0
1991;147;0;2;0;0
1991;148;0;4;1;0
1991;149;0;1;1;0
1991;150;0;3;0;0
1991;151;0;3;1;0
1991;152;0;3;1;0
1991;153;0;1;0;0
1991;154;0;0;1;0
1991;155;0;1;2;0
1991;156;0;2;1;0
1991;157;0;0;1;0
1991;158;0;0;1;0
1991;159;0;0;1;0
1991;160;0;0;1;0
1991;161;0;0;1;0
1991;162;0;0;3;0
1991;163;0;0;3;0
1991;164;0;0;5;0
1991;165;0;0;3;0
1991;166;0;0;3;0
1991;167;0;0;3;0
1991;168;0;0;2;0
1991;169;0;0;2;0
1991;170;0;0;0;0
1991;171;0;0;0;0
1991;172;0;0;1;0
1991;173;0;0;2;0
1991;174;0;0;0;0
1991;175;0;0;1;0
1991;176;0;0;0;0
1991;177;0;0;1;0
1991;178;0;0;0;0
1991;179;0;0;0;0
1991;180;0;0;2;0
1991;181;0;0;1;0
1991;182;0;0;0;0
1991;183;0;0;0;0
1991;184;0;0;0;0
1991;185;0;0;1;0
1991;186;0;0;1;0
1991;187;0;0;0;0
1991;188;0;0;0;0
1991;189;0;0;0;0
1991;190;0;0;0;0
1991;191;0;0;0;0
1991;192;0;0;0;0
1991;193;0;0;0;0
1991;194;0;0;0;0
1991;195;0;0;0;0
1991;196;0;0;0;0
1991;197;0;0;0;0
1991;198;0;0;0;0
1991;199;0;0;0;0
1991;200;0;0;0;0
1991;201;0;0;0;0
1991;202;0;0;0;0
1991;203;0;0;0;0
1991;204;0;0;0;0
1991;205;0;0;0;0
1992;92;0;0;0;0
1992;93;0;0;0;0
1992;94;0;0;0;0
1992;95;0;0;0;0
1992;96;0;0;0;0
1992;97;0;0;0;0
1992;98;0;1;0;0
1992;99;1;0;0;0
1992;100;0;0;0;0
1992;101;1;0;0;0
1992;102;0;0;0;0
1992;103;1;1;0;0
1992;104;0;0;0;0
1992;105;0;0;0;0
1992;106;0;0;0;0
1992;107;0;0;0;0
1992;108;0;0;0;0
1992;109;1;0;0;0
1992;110;2;0;0;0
1992;111;2;0;0;0
1992;112;2;1;0;0
1992;113;5;1;0;0
1992;114;1;0;0;0
1992;115;5;3;0;0
1992;116;3;1;0;0
1992;117;5;3;0;0
1992;118;7;6;0;0
1992;119;3;1;0;0
1992;120;4;5;0;0
1992;121;8;0;0;0
1992;122;8;2;0;0
1992;123;8;6;0;0
1992;124;5;6;0;0
1992;125;8;3;0;0
1992;126;11;3;0;0
1992;127;12;10;0;0
1992;128;10;10;0;0
1992;129;7;8;0;0
1992;130;9;8;0;0
1992;131;11;7;0;0
1992;132;22;14;0;0
1992;133;8;11;0;0
1992;134;1;3;0;0
1992;135;9;16;0;0
1992;136;15;7;0;0
1992;137;9;13;0;0
1992;138;13;8;0;0
1992;139;12;10;0;0
1992;140;14;2;0;0
1992;141;9;5;0;0
1992;142;7;9;0;0
1992;143;15;7;0;0
1992;144;3;3;0;0
1992;145;8;5;0;0
1992;146;9;4;0;0
1992;147;11;3;0;0
1992;148;4;2;0;0
1992;149;2;3;0;0
1992;150;3;1;0;0
1992;151;3;0;0;0
1992;152;7;6;0;0
1992;153;3;1;0;0
1992;154;4;0;0;0
1992;155;2;2;0;0
1992;156;0;0;0;0
1992;157;3;0;0;0
1992;158;1;1;0;0
1992;159;1;1;0;0
1992;160;1;0;0;0
1992;161;1;0;0;0
1992;162;0;0;1;0
1992;163;2;0;0;0
1992;164;0;0;0;0
1992;165;0;1;0;0
1992;166;0;0;0;0
1992;167;0;0;0;0
1992;168;0;0;0;0
1992;169;1;0;0;0
1992;170;0;0;0;0
1992;171;1;0;0;0
1992;172;0;0;0;0
1992;173;1;0;0;0
1992;174;0;0;0;0
1992;175;0;0;0;0
1992;176;0;0;0;0
1992;177;1;0;0;0
1992;178;0;0;0;0
1992;179;0;0;0;0
1992;180;1;0;1;0
1992;181;1;0;0;0
1992;182;0;0;0;0
1992;183;0;0;0;0
1992;184;0;0;0;0
1992;185;0;0;0;0
1992;186;0;0;0;0
1992;187;0;0;0;0
1992;188;0;0;0;0
1992;189;0;0;0;0
1992;190;0;0;0;0
1992;191;0;0;0;0
1992;192;0;0;0;0
1992;193;0;0;0;0
1992;194;0;0;0;0
1992;195;0;0;0;0
1992;196;0;0;0;0
1992;197;0;0;0;0
1992;198;0;0;0;0
1992;199;0;0;0;0
1992;200;0;0;0;0
1992;201;0;0;0;0
1992;202;0;0;0;0
1992;203;0;0;0;0
1992;204;0;0;0;0
1992;205;0;0;0;0
1993;92;0;0;0;0
1993;93;0;0;0;0
1993;94;0;0;0;0
1993;95;0;0;0;0
1993;96;0;0;0;0
1993;97;0;0;0;0
1993;98;0;0;0;0
1993;99;0;0;0;0
1993;100;0;0;0;0
1993;101;0;0;0;0
1993;102;0;1;0;0
1993;103;0;0;0;0
1993;104;0;0;0;0
1993;105;0;0;0;0
1993;106;0;0;0;0
1993;107;0;1;0;0
1993;108;0;0;0;0
1993;109;0;0;0;0
1993;110;0;0;0;0
1993;111;0;0;0;0
1993;112;0;1;0;0
1993;113;0;0;0;0
1993;114;0;0;0;0
1993;115;0;0;0;0
1993;116;0;0;0;0
1993;117;0;1;0;0
1993;118;0;2;0;0
1993;119;0;0;0;0
1993;120;0;0;0;0
1993;121;0;3;0;0
1993;122;0;5;0;0
1993;123;0;2;0;0
1993;124;0;1;0;0
1993;125;0;3;0;0
1993;126;0;6;0;0
1993;127;0;3;0;0
1993;128;0;3;0;0
1993;129;0;5;0;0
1993;130;0;8;0;0
1993;131;0;6;1;0
1993;132;0;18;0;0
1993;133;0;7;1;0
1993;134;0;5;0;0
1993;135;0;5;0;0
1993;136;0;3;0;0
1993;137;0;5;0;0
1993;138;0;3;0;0
1993;139;0;3;0;0
1993;140;0;8;0;0
1993;141;0;4;0;0
1993;142;0;14;2;0
1993;143;0;2;1;0
1993;144;0;5;0;0
1993;145;0;8;0;0
1993;146;0;4;1;0
1993;147;0;7;2;0
1993;148;0;3;0;0
1993;149;0;3;0;0
1993;150;0;1;0;0
1993;151;0;3;0;0
1993;152;0;3;0;0
1993;153;0;2;3;0
1993;154;0;1;1;0
1993;155;0;1;1;0
1993;156;0;0;0;0
1993;157;0;0;2;0
1993;158;0;0;3;0
1993;159;0;1;0;0
1993;160;0;0;2;0
1993;161;0;0;3;0
1993;162;0;0;5;0
1993;163;0;0;1;0
1993;164;0;0;0;0
1993;165;0;0;0;0
1993;166;0;0;2;0
1993;167;0;0;2;0
1993;168;0;0;0;0
1993;169;0;0;0;0
1993;170;0;0;2;0
1993;171;0;0;0;0
1993;172;0;0;0;0
1993;173;0;0;2;0
1993;174;0;0;0;0
1993;175;0;0;0;0
1993;176;0;0;0;0
1993;177;0;0;0;0
1993;178;0;0;1;0
1993;179;0;0;0;0
1993;180;0;0;0;0
1993;181;0;0;0;0
1993;182;0;0;0;0
1993;183;0;0;0;0
1993;184;0;0;0;0
1993;185;0;0;0;0
1993;186;0;0;0;0
1993;187;0;0;0;0
1993;188;0;0;0;0
1993;189;0;0;0;0
1993;190;0;0;0;0
1993;191;0;0;0;0
1993;192;0;0;0;0
1993;193;0;0;0;0
1993;194;0;0;0;0
1993;195;0;0;0;0
1993;196;0;0;0;0
1993;197;0;0;0;0
1993;198;0;0;0;0
1993;199;0;0;0;0
1993;200;0;0;0;0
1993;201;0;0;0;0
1993;202;0;0;0;0
1993;203;0;0;0;0
1993;204;0;0;0;0
1993;205;0;0;0;0
1994;92;0;0;0;0
1994;93;0;0;0;0
1994;94;0;0;0;0
1994;95;0;0;0;0
1994;96;0;1;0;0
1994;97;0;0;0;0
1994;98;0;0;0;0
1994;99;0;0;0;0
1994;100;0;0;0;0
1994;101;0;0;0;0
1994;102;0;0;0;0
1994;103;0;0;0;0
1994;104;0;0;0;0
1994;105;0;2;0;0
1994;106;0;0;0;0
1994;107;0;0;0;0
1994;108;0;0;0;0
1994;109;0;0;0;0
1994;110;0;2;0;0
1994;111;0;0;0;0
1994;112;0;0;0;0
1994;113;0;2;0;0
1994;114;0;0;0;0
1994;115;0;4;0;0
1994;116;0;4;0;0
1994;117;0;4;0;0
1994;118;0;6;0;0
1994;119;0;1;0;0
1994;120;0;6;0;0
1994;121;0;3;0;0
1994;122;0;5;0;0
1994;123;0;8;0;0
1994;124;0;4;0;0
1994;125;0;14;0;0
1994;126;0;4;0;0
1994;127;0;15;0;0
1994;128;0;18;0;0
1994;129;0;10;0;0
1994;130;0;14;0;0
1994;131;0;10;0;0
1994;132;0;17;0;0
1994;133;0;10;0;0
1994;134;0;14;0;0
1994;135;0;11;0;0
1994;136;0;12;0;0
1994;137;0;11;0;0
1994;138;0;6;0;0
1994;139;0;12;0;0
1994;140;1;6;0;0
1994;141;0;6;0;0
1994;142;0;8;0;0
1994;143;0;8;0;0
1994;144;0;5;0;0
1994;145;0;8;0;0
1994;146;0;4;0;0
1994;147;0;3;0;0
1994;148;0;5;0;0
1994;149;0;6;0;0
1994;150;0;5;0;0
1994;151;0;2;0;0
1994;152;0;4;0;0
1994;153;0;2;0;0
1994;154;0;0;0;0
1994;155;0;4;0;0
1994;156;0;2;0;0
1994;157;0;3;0;0
1994;158;0;2;0;0
1994;159;0;3;0;0
1994;160;0;0;0;0
1994;161;0;1;1;0
1994;162;0;0;0;0
1994;163;0;0;0;0
1994;164;0;0;1;0
1994;165;0;1;0;0
1994;166;0;0;2;0
1994;167;0;0;1;0
1994;168;0;0;0;0
1994;169;0;0;0;0
1994;170;0;0;0;0
1994;171;0;0;0;0
1994;172;0;0;0;0
1994;173;0;0;0;0
1994;174;0;0;0;0
1994;175;0;0;0;0
1994;176;0;0;0;0
1994;177;0;0;0;0
1994;178;0;0;0;0
1994;179;0;0;0;0
1994;180;0;0;0;0
1994;181;0;0;1;0
1994;182;0;0;0;0
1994;183;0;0;0;0
1994;184;0;0;0;0
1994;185;0;0;0;0
1994;186;0;0;0;0
1994;187;0;0;0;0
1994;188;0;0;0;0
1994;189;0;0;0;0
1994;190;0;0;0;0
1994;191;0;0;0;0
1994;192;0;0;0;0
1994;193;0;0;0;0
1994;194;0;0;0;0
1994;195;0;0;0;0
1994;196;0;0;0;0
1994;197;0;0;0;0
1994;198;0;0;0;0
1994;199;0;0;0;0
1994;200;0;0;0;0
1994;201;0;0;0;0
1994;202;0;0;0;0
1994;203;0;0;0;0
1994;204;0;0;0;0
1994;205;0;0;0;0
1995;92;0;0;0;0
1995;93;0;0;0;0
1995;94;0;0;0;0
1995;95;0;0;0;0
1995;96;0;0;0;0
1995;97;0;0;0;0
1995;98;0;0;0;0
1995;99;0;0;0;0
1995;100;0;0;0;0
1995;101;0;0;0;0
1995;102;0;0;0;0
1995;103;0;0;0;0
1995;104;0;0;0;0
1995;105;0;0;0;0
1995;106;0;0;0;0
1995;107;0;0;0;0
1995;108;0;0;0;0
1995;109;0;1;0;0
1995;110;0;0;0;0
1995;111;0;0;0;0
1995;112;0;0;0;0
1995;113;0;0;0;0
1995;114;0;1;0;0
1995;115;0;2;0;0
1995;116;0;1;0;0
1995;117;0;0;0;0
1995;118;0;1;0;0
1995;119;0;0;0;0
1995;120;0;2;0;0
1995;121;0;3;0;0
1995;122;0;3;0;0
1995;123;0;1;0;0
1995;124;0;3;0;0
1995;125;1;8;0;0
1995;126;0;1;0;0
1995;127;0;7;0;0
1995;128;0;5;3;0
1995;129;0;4;0;0
1995;130;0;7;0;0
1995;131;0;8;0;0
1995;132;0;14;1;0
1995;133;0;14;0;0
1995;134;0;10;0;0
1995;135;0;27;1;0
1995;136;0;23;1;0
1995;137;1;37;0;0
1995;138;0;24;2;0
1995;139;0;23;1;0
1995;140;0;20;1;0
1995;141;0;18;0;0
1995;142;1;24;2;0
1995;143;0;34;1;0
1995;144;0;20;0;0
1995;145;0;24;2;0
1995;146;0;16;1;0
1995;147;0;29;2;0
1995;148;0;13;5;0
1995;149;1;22;3;0
1995;150;1;13;3;0
1995;151;0;16;2;0
1995;152;0;20;1;0
1995;153;0;10;6;0
1995;154;0;4;1;0
1995;155;0;7;2;0
1995;156;0;3;3;0
1995;157;0;3;4;0
1995;158;0;4;0;0
1995;159;0;2;0;0
1995;160;0;2;1;0
1995;161;0;2;1;0
1995;162;0;3;3;0
1995;163;0;2;1;0
1995;164;0;1;0;0
1995;165;0;1;1;0
1995;166;0;0;0;0
1995;167;0;0;2;0
1995;168;0;1;3;0
1995;169;0;0;0;0
1995;170;0;0;0;0
1995;171;0;0;1;0
1995;172;0;0;1;0
1995;173;0;0;3;0
1995;174;0;0;0;0
1995;175;0;0;0;0
1995;176;0;0;1;0
1995;177;0;0;0;0
1995;178;0;0;0;0
1995;179;0;0;0;0
1995;180;0;0;0;0
1995;181;0;0;0;0
1995;182;0;0;0;0
1995;183;0;0;2;0
1995;184;0;0;0;0
1995;185;0;0;0;0
1995;186;0;0;0;0
1995;187;0;0;0;0
1995;188;0;0;0;0
1995;189;0;0;0;0
1995;190;0;0;0;0
1995;191;0;0;1;0
1995;192;0;0;0;0
1995;193;0;0;0;0
1995;194;0;0;0;0
1995;195;0;0;0;0
1995;196;0;0;0;0
1995;197;0;0;0;0
1995;198;0;0;0;0
1995;199;0;0;0;0
1995;200;0;0;0;0
1995;201;0;0;0;0
1995;202;0;0;0;0
1995;203;0;0;0;0
1995;204;0;0;0;0
1995;205;0;0;0;0
1996;92;0;0;0;0
1996;93;0;0;0;0
1996;94;0;0;0;0
1996;95;0;0;0;0
1996;96;0;0;0;0
1996;97;0;0;0;0
1996;98;0;0;0;0
1996;99;0;0;0;0
1996;100;0;0;0;0
1996;101;0;0;0;0
1996;102;0;0;0;0
1996;103;0;0;0;0
1996;104;0;0;0;0
1996;105;0;0;0;0
1996;106;0;0;0;0
1996;107;0;0;0;0
1996;108;0;0;0;0
1996;109;0;0;0;0
1996;110;0;0;0;0
1996;111;0;0;0;0
1996;112;2;0;0;0
1996;113;1;0;0;0
1996;114;0;0;0;0
1996;115;1;1;0;0
1996;116;0;0;0;0
1996;117;0;0;0;0
1996;118;2;0;0;0
1996;119;1;0;0;0
1996;120;2;2;0;0
1996;121;2;2;0;0
1996;122;3;5;0;0
1996;123;4;4;0;0
1996;124;1;2;0;0
1996;125;7;6;0;0
1996;126;5;4;0;0
1996;127;4;7;0;0
1996;128;3;9;0;0
1996;129;10;6;0;0
1996;130;2;13;0;0
1996;131;6;10;0;0
1996;132;10;22;0;0
1996;133;5;22;0;0
1996;134;5;14;0;0
1996;135;10;20;0;0
1996;136;7;21;0;0
1996;137;7;20;0;0
1996;138;3;38;0;0
1996;139;3;23;0;0
1996;140;3;29;2;0
1996;141;4;27;0;0
1996;142;4;37;1;0
1996;143;1;32;0;0
1996;144;0;22;1;0
1996;145;2;29;2;0
1996;146;3;27;1;0
1996;147;0;21;2;0
1996;148;0;9;0;0
1996;149;0;9;4;0
1996;150;0;14;1;0
1996;151;1;10;3;0
1996;152;0;5;4;0
1996;153;1;10;2;0
1996;154;0;4;0;0
1996;155;0;4;2;0
1996;156;0;6;2;0
1996;157;0;4;1;1
1996;158;0;2;2;0
1996;159;0;1;4;0
1996;160;0;2;2;0
1996;161;0;1;5;0
1996;162;0;0;4;0
1996;163;0;0;2;0
1996;164;0;0;2;0
1996;165;0;0;1;0
1996;166;0;0;2;0
1996;167;0;0;2;0
1996;168;0;0;2;0
1996;169;0;0;3;0
1996;170;0;0;1;0
1996;171;0;0;2;0
1996;172;0;0;4;0
1996;173;0;1;2;0
1996;174;0;0;1;0
1996;175;0;0;0;0
1996;176;0;0;2;0
1996;177;0;0;0;0
1996;178;0;0;1;0
1996;179;0;0;0;0
1996;180;0;0;0;0
1996;181;0;0;0;0
1996;182;0;0;2;0
1996;183;0;0;1;0
1996;184;0;0;2;0
1996;185;0;0;1;0
1996;186;0;0;0;0
1996;187;0;0;0;0
1996;188;0;0;0;0
1996;189;0;0;1;0
1996;190;0;0;0;0
1996;191;0;0;0;0
1996;192;0;0;0;0
1996;193;0;0;1;0
1996;194;0;0;0;0
1996;195;0;0;0;0
1996;196;0;0;0;0
1996;197;0;0;0;0
1996;198;0;0;0;0
1996;199;0;0;0;0
1996;200;0;0;0;0
1996;201;0;0;0;0
1996;202;0;0;0;0
1996;203;0;0;0;0
1996;204;0;0;0;0
1996;205;0;0;0;0
1997;92;0;0;0;0
1997;93;0;0;0;0
1997;94;0;0;0;0
1997;95;0;0;0;0
1997;96;0;0;0;0
1997;97;0;0;0;0
1997;98;0;0;0;0
1997;99;0;0;0;0
1997;100;0;0;0;0
1997;101;0;0;0;0
1997;102;0;0;0;0
1997;103;0;0;0;0
1997;104;0;0;0;0
1997;105;0;0;0;0
1997;106;0;0;0;0
1997;107;0;0;0;0
1997;108;0;1;0;0
1997;109;0;0;0;0
1997;110;0;0;0;0
1997;111;0;0;0;0
1997;112;0;0;0;0
1997;113;0;0;0;0
1997;114;0;0;0;0
1997;115;0;0;0;0
1997;116;0;0;0;0
1997;117;0;0;0;0
1997;118;0;1;0;0
1997;119;0;0;0;0
1997;120;0;3;0;0
1997;121;0;0;0;0
1997;122;0;0;0;0
1997;123;0;0;0;0
1997;124;0;2;0;0
1997;125;0;10;0;0
1997;126;0;1;0;0
1997;127;0;2;0;0
1997;128;0;1;0;0
1997;129;0;4;0;0
1997;130;0;16;0;0
1997;131;0;7;0;0
1997;132;0;5;0;0
1997;133;0;4;0;0
1997;134;0;4;0;0
1997;135;1;30;0;0
1997;136;0;8;2;0
1997;137;0;1;0;0
1997;138;0;1;0;0
1997;139;0;7;0;0
1997;140;0;23;1;0
1997;141;0;1;0;0
1997;142;0;4;1;0
1997;143;0;6;1;0
1997;144;0;3;0;0
1997;145;0;15;0;0
1997;146;0;3;1;0
1997;147;0;2;1;0
1997;148;0;4;0;0
1997;149;0;2;0;0
1997;150;0;8;1;0
1997;151;0;0;0;0
1997;152;0;1;1;0
1997;153;0;0;0;0
1997;154;0;0;1;0
1997;155;0;1;0;0
1997;156;0;1;1;0
1997;157;0;0;0;0
1997;158;0;0;0;0
1997;159;0;0;0;0
1997;160;0;0;3;0
1997;161;0;0;0;0
1997;162;0;0;0;0
1997;163;0;0;0;0
1997;164;0;0;0;0
1997;165;0;0;0;0
1997;166;0;0;0;0
1997;167;0;0;0;0
1997;168;0;0;0;0
1997;169;0;0;0;0
1997;170;0;0;1;0
1997;171;0;0;0;0
1997;172;0;0;0;0
1997;173;0;0;0;0
1997;174;0;0;1;0
1997;175;0;0;1;0
1997;176;0;0;0;0
1997;177;0;0;0;0
1997;178;0;0;0;0
1997;179;0;0;0;0
1997;180;0;0;0;0
1997;181;0;0;0;0
1997;182;0;0;0;0
1997;183;0;0;0;0
1997;184;0;0;0;0
1997;185;0;0;1;0
1997;186;0;0;1;0
1997;187;0;0;0;0
1997;188;0;0;0;0
1997;189;0;0;0;0
1997;190;0;0;0;0
1997;191;0;0;0;0
1997;192;0;0;0;0
1997;193;0;0;0;0
1997;194;0;0;0;0
1997;195;0;0;0;0
1997;196;0;0;0;0
1997;197;0;0;0;0
1997;198;0;0;0;0
1997;199;0;0;0;0
1997;200;0;0;0;0
1997;201;0;0;0;0
1997;202;0;0;0;0
1997;203;0;0;0;0
1997;204;0;0;0;0
1997;205;0;0;0;0
1998;92;0;0;0;0
1998;93;0;0;0;0
1998;94;0;0;0;0
1998;95;0;1;0;0
1998;96;0;0;0;0
1998;97;0;0;0;0
1998;98;0;0;0;0
1998;99;0;0;0;0
1998;100;0;0;0;0
1998;101;0;0;0;0
1998;102;0;1;0;0
1998;103;0;0;0;0
1998;104;0;0;0;0
1998;105;0;1;0;0
1998;106;0;1;0;0
1998;107;0;2;0;0
1998;108;0;2;0;0
1998;109;0;2;0;0
1998;110;0;3;0;0
1998;111;0;0;0;0
1998;112;0;5;0;0
1998;113;0;5;0;0
1998;114;0;5;0;0
1998;115;0;10;0;0
1998;116;0;8;0;0
1998;117;0;5;0;0
1998;118;0;7;0;0
1998;119;0;12;0;0
1998;120;0;16;0;0
1998;121;0;16;0;0
1998;122;0;26;0;0
1998;123;0;14;0;0
1998;124;0;14;0;0
1998;125;0;21;0;0
1998;126;0;19;0;0
1998;127;0;18;0;0
1998;128;0;24;0;0
1998;129;0;17;0;0
1998;130;0;18;0;0
1998;131;0;16;0;0
1998;132;0;31;0;0
1998;133;0;8;0;0
1998;134;0;16;0;0
1998;135;0;25;0;0
1998;136;0;9;0;0
1998;137;0;14;0;0
1998;138;0;13;1;0
1998;139;0;7;0;0
1998;140;0;7;0;0
1998;141;0;6;1;0
1998;142;0;4;1;0
1998;143;0;2;2;0
1998;144;0;0;1;0
1998;145;0;6;0;0
1998;146;0;4;0;0
1998;147;0;4;2;0
1998;148;0;1;2;0
1998;149;0;1;2;0
1998;150;0;0;0;0
1998;151;0;0;1;0
1998;152;0;1;2;0
1998;153;0;1;3;0
1998;154;0;0;1;0
1998;155;0;1;2;0
1998;156;0;3;1;0
1998;157;0;0;3;0
1998;158;0;0;4;0
1998;159;0;0;1;0
1998;160;0;0;3;0
1998;161;0;0;4;0
1998;162;0;0;4;0
1998;163;0;0;1;0
1998;164;0;0;1;0
1998;165;0;0;1;0
1998;166;0;0;0;0
1998;167;0;0;1;0
1998;168;0;0;2;0
1998;169;0;0;1;0
1998;170;0;1;1;0
1998;171;0;0;1;0
1998;172;0;0;0;0
1998;173;0;0;0;0
1998;174;0;0;0;0
1998;175;0;0;1;0
1998;176;0;0;0;0
1998;177;0;0;0;0
1998;178;0;0;0;0
1998;179;0;0;1;0
1998;180;0;0;0;0
1998;181;0;0;0;0
1998;182;0;0;0;0
1998;183;0;0;0;0
1998;184;0;0;0;0
1998;185;0;0;0;0
1998;186;0;0;0;0
1998;187;0;0;0;0
1998;188;0;0;0;0
1998;189;0;0;0;0
1998;190;0;0;0;0
1998;191;0;0;0;0
1998;192;0;0;0;0
1998;193;0;0;0;0
1998;194;0;0;0;0
1998;195;0;0;0;0
1998;196;0;0;0;0
1998;197;0;0;0;0
1998;198;0;0;0;0
1998;199;0;0;0;0
1998;200;0;0;0;0
1998;201;0;0;1;0
1998;202;0;0;0;0
1998;203;0;0;0;0
1998;204;0;0;0;0
1998;205;0;0;0;0
1999;92;0;0;0;0
1999;93;0;0;0;0
1999;94;0;0;0;0
1999;95;0;0;0;0
1999;96;0;0;0;0
1999;97;0;0;0;0
1999;98;0;0;0;0
1999;99;0;0;0;0
1999;100;0;0;0;0
1999;101;0;0;0;0
1999;102;0;0;0;0
1999;103;0;0;0;0
1999;104;0;0;0;0
1999;105;0;0;0;0
1999;106;0;0;0;0
1999;107;0;0;0;0
1999;108;0;0;0;0
1999;109;0;0;0;0
1999;110;0;0;0;0
1999;111;0;0;0;0
1999;112;0;0;0;0
1999;113;0;0;0;0
1999;114;0;0;0;0
1999;115;0;0;0;0
1999;116;0;0;0;0
1999;117;0;1;0;0
1999;118;0;0;0;0
1999;119;0;0;0;0
1999;120;0;0;0;0
1999;121;0;1;0;0
1999;122;0;0;0;0
1999;123;0;0;0;0
1999;124;0;0;0;0
1999;125;0;1;0;0
1999;126;0;0;0;0
1999;127;0;2;0;0
1999;128;0;2;0;0
1999;129;0;1;0;0
1999;130;0;2;0;0
1999;131;0;2;0;0
1999;132;0;2;0;0
1999;133;0;1;0;0
1999;134;0;0;0;0
1999;135;0;1;0;0
1999;136;0;0;0;0
1999;137;0;0;0;0
1999;138;0;1;0;0
1999;139;0;1;0;0
1999;140;0;2;0;0
1999;141;0;2;0;0
1999;142;0;3;0;0
1999;143;0;0;0;0
1999;144;0;0;0;0
1999;145;0;6;1;0
1999;146;0;0;0;0
1999;147;0;1;1;0
1999;148;0;1;1;0
1999;149;0;3;2;0
1999;150;0;3;5;0
1999;151;0;0;5;0
1999;152;0;1;3;0
1999;153;0;0;2;0
1999;154;0;0;5;0
1999;155;0;1;5;0
1999;156;0;0;6;0
1999;157;0;0;3;0
1999;158;0;0;4;0
1999;159;0;0;7;0
1999;160;0;0;6;0
1999;161;0;0;6;0
1999;162;0;0;6;0
1999;163;0;0;2;0
1999;164;0;0;8;0
1999;165;0;0;11;0
1999;166;0;0;6;0
1999;167;0;0;3;0
1999;168;0;0;5;0
1999;169;1;0;8;0
1999;170;0;0;6;0
1999;171;0;0;5;0
1999;172;0;0;5;0
1999;173;0;0;1;0
1999;174;0;0;3;0
1999;175;0;0;3;0
1999;176;0;0;0;0
1999;177;0;0;5;0
1999;178;0;0;3;0
1999;179;0;0;3;0
1999;180;0;0;1;0
1999;181;0;0;1;0
1999;182;0;0;3;0
1999;183;0;0;0;0
1999;184;0;0;0;0
1999;185;0;0;1;0
1999;186;0;0;0;0
1999;187;0;0;2;0
1999;188;0;0;0;0
1999;189;0;0;0;0
1999;190;0;0;0;0
1999;191;0;0;0;0
1999;192;0;0;0;0
1999;193;0;0;0;0
1999;194;0;0;0;0
1999;195;0;0;0;0
1999;196;0;0;0;0
1999;197;0;0;0;0
1999;198;0;0;0;0
1999;199;0;0;0;0
1999;200;0;0;0;0
1999;201;0;0;0;0
1999;202;0;0;0;0
1999;203;0;0;0;0
1999;204;0;0;0;0
1999;205;0;0;0;0
2000;92;0;0;0;0
2000;93;0;0;0;0
2000;94;0;0;0;0
2000;95;0;0;0;0
2000;96;0;0;0;0
2000;97;0;0;0;0
2000;98;0;0;0;0
2000;99;0;0;0;0
2000;100;0;0;0;0
2000;101;0;0;0;0
2000;102;0;0;0;0
2000;103;0;1;0;0
2000;104;0;0;0;0
2000;105;0;1;0;0
2000;106;0;0;0;0
2000;107;0;3;0;0
2000;108;0;3;0;0
2000;109;0;1;0;0
2000;110;0;3;0;0
2000;111;0;1;0;0
2000;112;0;5;0;0
2000;113;0;4;0;0
2000;114;0;1;0;0
2000;115;0;12;0;0
2000;116;0;4;0;0
2000;117;0;11;0;0
2000;118;0;15;0;0
2000;119;0;13;0;0
2000;120;0;23;0;0
2000;121;0;18;0;0
2000;122;0;39;0;0
2000;123;0;40;0;0
2000;124;0;15;0;0
2000;125;0;45;0;0
2000;126;0;38;0;0
2000;127;0;89;0;0
2000;128;0;65;0;0
2000;129;0;35;0;0
2000;130;0;68;0;0
2000;131;0;71;0;0
2000;132;0;102;0;0
2000;133;0;77;0;0
2000;134;0;55;0;0
2000;135;0;105;0;0
2000;136;0;69;0;0
2000;137;0;107;0;0
2000;138;0;95;0;0
2000;139;1;48;0;0
2000;140;0;84;0;0
2000;141;0;49;0;0
2000;142;0;84;0;0
2000;143;0;57;0;0
2000;144;0;19;0;0
2000;145;0;46;0;0
2000;146;0;34;0;0
2000;147;0;33;0;0
2000;148;2;22;0;0
2000;149;0;10;0;0
2000;150;0;18;0;0
2000;151;0;13;0;0
2000;152;0;13;0;0
2000;153;0;9;0;0
2000;154;0;5;0;0
2000;155;0;7;0;0
2000;156;0;5;0;0
2000;157;0;5;0;0
2000;158;0;1;1;0
2000;159;0;2;0;0
2000;160;0;5;0;0
2000;161;1;1;0;0
2000;162;0;3;0;0
2000;163;0;1;2;0
2000;164;0;1;0;0
2000;165;0;1;0;0
2000;166;0;3;0;0
2000;167;0;0;4;0
2000;168;0;0;0;0
2000;169;0;2;1;0
2000;170;0;1;0;0
2000;171;0;1;0;0
2000;172;0;0;0;0
2000;173;0;0;1;0
2000;174;0;0;0;0
2000;175;0;0;0;0
2000;176;0;0;0;0
2000;177;0;0;0;0
2000;178;1;0;3;0
2000;179;0;0;0;0
2000;180;0;0;0;0
2000;181;0;0;0;0
2000;182;0;0;0;0
2000;183;0;0;0;0
2000;184;0;0;0;1
2000;185;0;0;0;0
2000;186;0;0;0;0
2000;187;0;0;0;0
2000;188;0;0;0;0
2000;189;0;0;1;0
2000;190;0;0;0;0
2000;191;0;0;0;0
2000;192;0;0;0;0
2000;193;0;0;0;0
2000;194;0;0;0;0
2000;195;0;0;0;0
2000;196;0;0;0;0
2000;197;0;0;0;0
2000;198;0;0;0;0
2000;199;0;0;0;0
2000;200;0;0;0;0
2000;201;0;0;0;0
2000;202;0;0;0;0
2000;203;0;0;0;0
2000;204;0;0;0;0
2000;205;0;0;0;0
2001;92;0;0;0;0
2001;93;0;0;0;0
2001;94;0;0;0;0
2001;95;0;0;0;0
2001;96;0;0;0;0
2001;97;0;1;0;0
2001;98;0;1;0;0
2001;99;0;0;0;0
2001;100;0;0;0;0
2001;101;0;0;0;0
2001;102;0;0;0;0
2001;103;0;0;0;0
2001;104;0;0;0;0
2001;105;0;0;0;0
2001;106;0;3;0;0
2001;107;0;2;0;0
2001;108;0;0;0;0
2001;109;0;2;0;0
2001;110;0;2;0;0
2001;111;0;1;0;0
2001;112;0;1;0;0
2001;113;0;1;0;0
2001;114;0;1;0;0
2001;115;0;4;0;0
2001;116;0;2;0;0
2001;117;0;7;0;0
2001;118;0;6;0;0
2001;119;0;7;0;0
2001;120;0;11;0;0
2001;121;0;19;0;0
2001;122;0;22;0;0
2001;123;0;21;0;0
2001;124;0;8;0;0
2001;125;0;16;0;0
2001;126;0;11;0;0
2001;127;0;31;0;0
2001;128;0;26;0;0
2001;129;0;16;0;0
2001;130;0;26;1;0
2001;131;0;22;0;0
2001;132;0;36;0;0
2001;133;0;36;0;0
2001;134;0;15;0;0
2001;135;0;26;0;0
2001;136;0;21;0;0
2001;137;0;22;0;0
2001;138;0;23;0;0
2001;139;0;13;1;0
2001;140;0;24;3;0
2001;141;0;12;0;0
2001;142;0;26;0;0
2001;143;0;14;1;0
2001;144;0;5;3;0
2001;145;0;11;2;0
2001;146;0;4;0;0
2001;147;0;8;0;0
2001;148;0;7;0;0
2001;149;0;0;0;0
2001;150;0;9;1;0
2001;151;0;7;0;0
2001;152;0;8;1;0
2001;153;0;4;0;0
2001;154;0;2;1;0
2001;155;0;6;2;0
2001;156;0;4;2;0
2001;157;0;4;3;0
2001;158;0;1;0;0
2001;159;0;2;3;0
2001;160;0;1;2;0
2001;161;0;0;3;0
2001;162;0;2;4;0
2001;163;0;0;2;0
2001;164;0;1;1;0
2001;165;0;0;2;0
2001;166;0;1;0;0
2001;167;0;0;1;0
2001;168;0;1;2;0
2001;169;0;0;1;0
2001;170;0;0;0;0
2001;171;0;0;0;0
2001;172;0;0;2;0
2001;173;0;1;0;0
2001;174;0;0;2;0
2001;175;0;0;1;0
2001;176;0;0;0;0
2001;177;0;1;0;0
2001;178;0;0;0;0
2001;179;0;0;1;0
2001;180;0;0;0;0
2001;181;0;0;1;0
2001;182;0;0;1;0
2001;183;0;1;0;0
2001;184;0;0;0;0
2001;185;0;0;0;0
2001;186;0;0;0;0
2001;187;0;0;0;0
2001;188;0;0;0;0
2001;189;0;0;0;0
2001;190;0;0;1;0
2001;191;0;0;0;0
2001;192;0;0;0;0
2001;193;0;0;0;0
2001;194;0;0;0;0
2001;195;0;0;0;0
2001;196;0;0;0;0
2001;197;0;0;0;0
2001;198;0;0;0;0
2001;199;0;0;0;0
2001;200;0;0;0;0
2001;201;0;0;0;0
2001;202;0;0;0;0
2001;203;0;0;0;0
2001;204;0;0;0;0
2001;205;0;0;0;0
2002;92;0;0;0;0
2002;93;0;0;0;0
2002;94;0;0;0;0
2002;95;0;0;0;0
2002;96;0;1;0;0
2002;97;0;0;0;0
2002;98;0;0;0;0
2002;99;0;0;0;0
2002;100;0;0;0;0
2002;101;0;0;0;0
2002;102;0;3;0;0
2002;103;0;2;0;0
2002;104;0;2;0;0
2002;105;0;0;0;0
2002;106;0;3;0;0
2002;107;0;5;0;0
2002;108;0;1;0;0
2002;109;0;0;0;0
2002;110;0;7;0;0
2002;111;0;8;0;0
2002;112;0;23;0;0
2002;113;0;21;0;0
2002;114;0;11;0;0
2002;115;0;13;0;0
2002;116;0;17;0;0
2002;117;0;28;0;0
2002;118;0;41;0;0
2002;119;0;25;0;0
2002;120;0;53;0;0
2002;121;0;47;0;0
2002;122;0;74;0;0
2002;123;0;73;0;0
2002;124;0;41;0;0
2002;125;0;64;0;0
2002;126;0;61;0;0
2002;127;0;102;0;0
2002;128;0;89;1;0
2002;129;0;56;1;0
2002;130;73;1;0;0
2002;131;80;1;0;0
2002;132;86;2;0;0
2002;133;77;1;0;0
2002;134;50;1;0;0
2002;135;52;2;0;0
2002;136;38;3;1;0
2002;137;75;3;2;0
2002;138;41;2;0;0
2002;139;39;2;1;0
2002;140;37;4;1;0
2002;141;19;4;1;0
2002;142;41;5;1;0
2002;143;14;5;2;0
2002;144;7;2;1;0
2002;145;16;3;3;0
2002;146;6;6;3;0
2002;147;5;3;6;0
2002;148;5;1;5;0
2002;149;3;4;4;0
2002;150;3;7;8;0
2002;151;1;1;3;0
2002;152;2;5;5;0
2002;153;0;4;11;0
2002;154;0;0;2;0
2002;155;0;1;5;0
2002;156;0;2;5;0
2002;157;0;1;13;0
2002;158;0;0;5;0
2002;159;0;0;2;0
2002;160;0;0;5;0
2002;161;0;0;3;0
2002;162;0;0;7;0
2002;163;0;0;4;0
2002;164;0;0;5;0
2002;165;0;0;6;0
2002;166;0;1;3;0
2002;167;0;0;5;0
2002;168;0;0;1;0
2002;169;0;0;0;0
2002;170;0;0;1;0
2002;171;0;0;2;0
2002;172;0;0;0;0
2002;173;0;0;1;0
2002;174;0;0;0;0
2002;175;0;0;1;0
2002;176;0;0;0;0
2002;177;0;0;0;0
2002;178;0;0;2;0
2002;179;0;0;0;0
2002;180;0;0;0;0
2002;181;0;0;0;0
2002;182;0;1;0;0
2002;183;0;0;1;0
2002;184;0;0;0;0
2002;185;0;0;0;0
2002;186;0;0;0;0
2002;187;0;0;1;1
2002;188;0;0;0;0
2002;189;0;0;0;0
2002;190;0;0;0;0
2002;191;0;0;0;0
2002;192;0;0;0;0
2002;193;0;0;0;0
2002;194;0;0;0;0
2002;195;0;0;0;0
2002;196;0;0;0;0
2002;197;0;0;0;0
2002;198;0;0;0;0
2002;199;0;0;0;0
2002;200;0;0;0;0
2002;201;0;0;0;0
2002;202;0;0;0;0
2002;203;0;0;0;0
2002;204;0;0;0;0
2002;205;0;0;0;0
2003;92;0;0;0;0
2003;93;0;0;0;0
2003;94;0;0;0;0
2003;95;0;0;0;0
2003;96;0;0;0;0
2003;97;0;0;0;0
2003;98;0;0;0;0
2003;99;0;0;0;0
2003;100;0;0;0;0
2003;101;0;0;0;0
2003;102;0;0;0;0
2003;103;0;0;0;0
2003;104;0;0;0;0
2003;105;0;0;0;0
2003;106;0;0;0;0
2003;107;0;0;0;0
2003;108;0;0;0;0
2003;109;0;0;0;0
2003;110;0;0;0;0
2003;111;0;0;0;0
2003;112;0;0;0;0
2003;113;0;0;0;0
2003;114;0;0;0;0
2003;115;0;1;0;0
2003;116;0;0;0;0
2003;117;0;0;0;0
2003;118;0;6;0;0
2003;119;0;1;0;0
2003;120;0;1;0;0
2003;121;0;2;0;0
2003;122;0;8;0;0
2003;123;0;6;0;0
2003;124;0;5;0;0
2003;125;0;7;0;0
2003;126;0;10;0;0
2003;127;0;12;0;0
2003;128;0;10;1;0
2003;129;0;14;0;0
2003;130;1;24;0;0
2003;131;0;21;2;0
2003;132;0;27;0;0
2003;133;0;19;1;0
2003;134;0;19;0;0
2003;135;0;35;2;0
2003;136;0;25;0;0
2003;137;0;28;1;0
2003;138;0;25;2;0
2003;139;0;20;0;0
2003;140;7;13;5;0
2003;141;4;10;0;0
2003;142;10;13;3;0
2003;143;13;14;3;0
2003;144;1;7;2;0
2003;145;4;16;10;0
2003;146;0;9;5;0
2003;147;3;6;7;0
2003;148;2;4;9;0
2003;149;1;4;7;0
2003;150;3;7;10;0
2003;151;2;2;11;0
2003;152;3;2;12;0
2003;153;3;1;12;0
2003;154;0;2;7;0
2003;155;2;3;13;0
2003;156;1;2;6;0
2003;157;3;1;28;0
2003;158;2;0;14;0
2003;159;1;0;9;0
2003;160;4;0;10;0
2003;161;3;0;11;0
2003;162;1;0;11;0
2003;163;2;0;8;0
2003;164;0;1;5;0
2003;165;2;0;9;0
2003;166;2;0;6;0
2003;167;4;0;12;0
2003;168;2;0;7;0
2003;169;2;0;3;0
2003;170;1;0;5;0
2003;171;0;0;4;0
2003;172;1;0;11;0
2003;173;0;0;2;0
2003;174;0;0;0;0
2003;175;0;0;3;0
2003;176;0;0;2;0
2003;177;0;0;1;0
2003;178;0;0;3;0
2003;179;0;0;2;0
2003;180;0;0;3;0
2003;181;0;0;1;0
2003;182;0;0;0;0
2003;183;0;0;1;0
2003;184;0;0;0;0
2003;185;0;0;1;0
2003;186;0;0;0;0
2003;187;0;0;0;0
2003;188;0;0;0;0
2003;189;0;0;0;0
2003;190;0;0;0;0
2003;191;0;0;0;0
2003;192;0;0;1;0
2003;193;0;0;0;0
2003;194;0;0;0;0
2003;195;0;0;0;0
2003;196;0;0;0;0
2003;197;0;0;0;0
2003;198;0;0;0;0
2003;199;0;0;0;0
2003;200;0;0;0;0
2003;201;0;0;0;0
2003;202;0;0;0;0
2003;203;0;0;1;0
2003;204;0;0;0;0
2003;205;0;0;0;0
2004;92;0;0;0;0
2004;93;0;0;0;0
2004;94;0;0;0;0
2004;95;0;0;0;0
2004;96;1;0;0;0
2004;97;1;0;0;0
2004;98;1;0;0;0
2004;99;0;0;0;0
2004;100;1;0;0;0
2004;101;0;0;0;0
2004;102;1;0;0;0
2004;103;2;0;0;0
2004;104;1;0;0;0
2004;105;4;1;0;0
2004;106;0;0;0;0
2004;107;4;0;0;0
2004;108;5;1;0;0
2004;109;4;0;0;0
2004;110;4;2;0;0
2004;111;4;0;0;0
2004;112;11;3;0;0
2004;113;17;3;0;0
2004;114;9;3;0;0
2004;115;18;3;0;0
2004;116;13;6;0;0
2004;117;12;1;0;0
2004;118;33;7;0;0
2004;119;14;2;0;0
2004;120;29;4;0;0
2004;121;13;7;0;0
2004;122;27;10;0;0
2004;123;46;12;0;0
2004;124;11;4;0;0
2004;125;28;12;0;0
2004;126;13;7;0;0
2004;127;37;10;1;0
2004;128;31;13;0;0
2004;129;13;6;0;0
2004;130;27;5;0;0
2004;131;15;4;0;0
2004;132;33;14;0;0
2004;133;19;13;1;0
2004;134;5;7;0;0
2004;135;7;8;0;0
2004;136;9;8;1;0
2004;137;2;11;0;0
2004;138;6;11;3;0
2004;139;0;3;1;0
2004;140;2;8;0;0
2004;141;0;2;2;0
2004;142;1;9;2;0
2004;143;2;5;4;0
2004;144;0;4;4;0
2004;145;0;1;0;0
2004;146;0;2;1;0
2004;147;1;4;3;0
2004;148;2;2;1;0
2004;149;0;1;2;0
2004;150;0;0;1;0
2004;151;0;2;2;0
2004;152;1;1;3;0
2004;153;0;0;7;0
2004;154;0;0;3;0
2004;155;1;0;1;0
2004;156;0;0;3;0
2004;157;0;1;4;0
2004;158;0;0;3;0
2004;159;0;0;1;0
2004;160;0;0;2;0
2004;161;0;0;0;0
2004;162;0;0;3;0
2004;163;0;0;1;0
2004;164;1;0;2;0
2004;165;0;0;0;0
2004;166;0;0;1;0
2004;167;0;0;0;0
2004;168;0;0;0;0
2004;169;0;0;0;0
2004;170;0;0;0;0
2004;171;0;0;0;0
2004;172;0;0;0;0
2004;173;0;0;0;0
2004;174;0;0;0;0
2004;175;0;0;0;0
2004;176;0;0;0;0
2004;177;0;0;0;0
2004;178;0;0;0;0
2004;179;0;0;0;0
2004;180;0;0;0;0
2004;181;0;0;0;0
2004;182;0;0;0;0
2004;183;0;0;0;0
2004;184;0;0;0;0
2004;185;0;0;0;0
2004;186;0;0;0;0
2004;187;0;0;0;0
2004;188;0;0;0;0
2004;189;0;0;0;0
2004;190;0;0;0;0
2004;191;0;0;0;0
2004;192;0;0;0;0
2004;193;0;0;0;0
2004;194;0;0;0;0
2004;195;0;0;0;0
2004;196;0;0;0;0
2004;197;0;0;0;0
2004;198;0;0;0;0
2004;199;0;0;0;0
2004;200;0;0;0;0
2004;201;0;0;0;0
2004;202;0;0;0;0
2004;203;0;0;0;0
2004;204;0;0;0;0
2004;205;0;0;0;0
2005;92;0;0;0;0
2005;93;0;0;0;0
2005;94;0;0;0;0
2005;95;0;0;0;0
2005;96;0;0;0;0
2005;97;0;0;0;0
2005;98;0;0;0;0
2005;99;0;0;0;0
2005;100;0;0;0;0
2005;101;0;0;0;0
2005;102;0;0;0;0
2005;103;0;0;0;0
2005;104;0;0;0;0
2005;105;0;0;0;0
2005;106;1;0;0;0
2005;107;2;0;0;0
2005;108;0;0;0;0
2005;109;1;0;0;0
2005;110;3;0;0;0
2005;111;1;0;0;0
2005;112;2;0;0;0
2005;113;4;0;0;0
2005;114;3;0;0;0
2005;115;15;1;0;0
2005;116;4;0;0;0
2005;117;9;1;0;0
2005;118;4;0;0;0
2005;119;7;0;0;0
2005;120;15;2;0;0
2005;121;7;0;1;0
2005;122;18;0;0;0
2005;123;20;1;0;0
2005;124;8;0;0;0
2005;125;12;0;0;0
2005;126;9;3;0;0
2005;127;22;2;1;0
2005;128;18;2;0;0
2005;129;5;1;0;0
2005;130;23;1;0;0
2005;131;15;1;0;0
2005;132;23;10;1;0
2005;133;6;4;1;0
2005;134;8;2;0;0
2005;135;17;5;1;0
2005;136;12;1;0;0
2005;137;12;4;2;0
2005;138;4;11;3;0
2005;139;4;4;1;0
2005;140;2;5;3;0
2005;141;6;8;2;0
2005;142;8;6;8;0
2005;143;5;6;5;0
2005;144;5;0;3;0
2005;145;5;3;5;0
2005;146;2;2;1;0
2005;147;7;4;6;0
2005;148;3;3;3;0
2005;149;3;0;3;0
2005;150;3;1;5;0
2005;151;2;0;4;0
2005;152;1;2;4;0
2005;153;5;1;9;0
2005;154;3;0;7;0
2005;155;3;0;5;0
2005;156;1;0;3;0
2005;157;4;1;10;0
2005;158;3;1;0;0
2005;159;2;0;3;0
2005;160;2;0;9;0
2005;161;1;0;4;0
2005;162;2;0;5;0
2005;163;3;0;12;0
2005;164;1;0;2;0
2005;165;0;0;3;0
2005;166;0;0;3;0
2005;167;0;0;3;0
2005;168;3;0;1;0
2005;169;0;0;0;0
2005;170;0;0;1;0
2005;171;0;0;2;0
2005;172;0;0;4;0
2005;173;0;0;3;0
2005;174;0;0;1;0
2005;175;0;0;1;0
2005;176;0;0;0;0
2005;177;0;0;1;0
2005;178;0;0;2;0
2005;179;0;0;0;0
2005;180;0;0;1;0
2005;181;0;0;0;0
2005;182;0;0;0;0
2005;183;0;0;0;0
2005;184;0;0;0;0
2005;185;0;0;0;0
2005;186;0;0;0;0
2005;187;0;0;0;0
2005;188;0;0;0;0
2005;189;0;0;0;0
2005;190;0;0;1;0
2005;191;0;0;0;0
2005;192;0;0;0;0
2005;193;0;0;0;0
2005;194;0;0;0;0
2005;195;0;0;0;0
2005;196;0;0;0;0
2005;197;0;0;0;0
2005;198;0;0;0;0
2005;199;0;0;0;0
2005;200;0;0;0;0
2005;201;0;0;0;0
2005;202;0;0;0;0
2005;203;0;0;0;0
2005;204;0;0;0;0
2005;205;0;0;0;0
2006;92;0;0;0;0
2006;93;0;0;0;0
2006;94;0;0;0;0
2006;95;0;0;0;0
2006;96;0;0;0;0
2006;97;2;0;0;0
2006;98;1;0;0;0
2006;99;0;0;0;0
2006;100;0;0;0;0
2006;101;0;0;0;0
2006;102;2;0;0;0
2006;103;3;0;0;0
2006;104;0;0;0;0
2006;105;2;0;0;0
2006;106;0;1;0;0
2006;107;3;0;0;0
2006;108;2;1;0;0
2006;109;4;2;0;0
2006;110;5;1;0;0
2006;111;6;1;0;0
2006;112;5;2;0;0
2006;113;6;2;0;0
2006;114;3;2;0;0
2006;115;8;2;0;0
2006;116;8;2;0;0
2006;117;17;1;0;0
2006;118;24;3;0;0
2006;119;14;3;0;0
2006;120;32;6;0;0
2006;121;20;5;0;0
2006;122;17;4;0;0
2006;123;26;6;0;0
2006;124;20;2;0;0
2006;125;30;7;0;0
2006;126;24;3;0;0
2006;127;29;4;0;0
2006;128;33;6;0;0
2006;129;22;6;0;0
2006;130;49;10;0;0
2006;131;26;10;0;0
2006;132;23;14;1;0
2006;133;20;11;0;0
2006;134;9;9;0;0
2006;135;22;10;0;0
2006;136;11;7;0;0
2006;137;20;9;0;0
2006;138;23;11;1;0
2006;139;5;3;0;0
2006;140;17;11;0;0
2006;141;3;9;1;0
2006;142;4;12;0;0
2006;143;3;3;0;0
2006;144;0;5;0;0
2006;145;7;5;0;0
2006;146;3;4;0;0
2006;147;2;1;0;0
2006;148;4;3;0;0
2006;149;1;2;0;0
2006;150;5;8;0;0
2006;151;1;2;0;0
2006;152;0;5;1;0
2006;153;1;3;0;0
2006;154;0;1;0;0
2006;155;0;2;1;0
2006;156;0;0;0;0
2006;157;1;1;0;0
2006;158;0;1;2;0
2006;159;0;0;0;0
2006;160;0;1;0;0
2006;161;0;0;1;0
2006;162;0;1;0;0
2006;163;0;0;1;0
2006;164;0;0;0;0
2006;165;0;0;0;0
2006;166;0;0;0;0
2006;167;0;0;0;0
2006;168;0;0;0;0
2006;169;0;0;0;0
2006;170;0;0;0;0
2006;171;0;0;0;0
2006;172;0;0;1;0
2006;173;0;0;1;0
2006;174;0;0;0;0
2006;175;0;0;0;0
2006;176;0;0;0;0
2006;177;0;0;0;0
2006;178;0;0;0;0
2006;179;0;0;0;0
2006;180;0;0;0;0
2006;181;0;0;0;0
2006;182;0;0;0;0
2006;183;0;0;0;0
2006;184;0;0;0;0
2006;185;0;0;0;0
2006;186;0;0;0;0
2006;187;0;0;0;0
2006;188;0;0;0;0
2006;189;0;0;0;0
2006;190;0;0;0;0
2006;191;0;0;0;0
2006;192;0;0;0;0
2006;193;0;0;0;0
2006;194;0;0;0;0
2006;195;0;0;0;0
2006;196;0;0;0;0
2006;197;0;0;0;0
2006;198;0;0;0;0
2006;199;0;0;0;0
2006;200;0;0;0;0
2006;201;0;0;0;0
2006;202;0;0;0;0
2006;203;0;0;0;0
2006;204;0;0;0;0
2006;205;0;0;0;0
2007;92;0;0;0;0
2007;93;0;0;0;0
2007;94;0;0;0;0
2007;95;0;0;0;0
2007;96;0;0;0;0
2007;97;0;0;0;0
2007;98;0;0;0;0
2007;99;0;0;0;0
2007;100;0;0;0;0
2007;101;0;0;0;0
2007;102;0;0;0;0
2007;103;0;0;0;0
2007;104;0;1;0;0
2007;105;0;0;0;0
2007;106;0;0;0;0
2007;107;0;0;0;0
2007;108;1;1;0;0
2007;109;0;0;0;0
2007;110;0;1;0;0
2007;111;1;3;0;0
2007;112;0;2;0;0
2007;113;1;3;0;0
2007;114;1;0;0;0
2007;115;0;5;0;0
2007;116;1;1;0;0
2007;117;2;2;0;0
2007;118;3;3;0;0
2007;119;1;6;0;0
2007;120;10;6;0;0
2007;121;16;3;0;0
2007;122;13;6;0;0
2007;123;15;8;1;0
2007;124;6;3;0;0
2007;125;15;6;0;0
2007;126;13;1;0;0
2007;127;20;4;0;0
2007;128;32;8;0;0
2007;129;17;5;0;0
2007;130;23;8;1;0
2007;131;27;7;0;0
2007;132;27;2;0;0
2007;133;20;4;0;0
2007;134;15;5;0;0
2007;135;12;8;0;0
2007;136;16;5;0;0
2007;137;12;2;1;0
2007;138;23;6;1;0
2007;139;19;2;0;0
2007;140;16;6;2;0
2007;141;22;6;4;0
2007;142;17;4;3;0
2007;143;8;3;1;0
2007;144;8;0;2;0
2007;145;6;2;2;0
2007;146;2;3;3;0
2007;147;3;3;0;0
2007;148;4;4;5;0
2007;149;4;4;0;0
2007;150;7;4;3;0
2007;151;2;3;4;0
2007;152;4;0;2;0
2007;153;4;4;2;0
2007;154;1;1;0;0
2007;155;1;1;3;0
2007;156;0;1;1;0
2007;157;0;0;6;0
2007;158;0;1;2;0
2007;159;0;0;2;0
2007;160;1;0;0;0
2007;161;0;0;2;0
2007;162;0;0;1;0
2007;163;1;0;1;0
2007;164;0;0;0;0
2007;165;0;0;0;0
2007;166;0;0;5;0
2007;167;0;0;0;0
2007;168;0;0;2;0
2007;169;0;0;1;0
2007;170;0;1;2;0
2007;171;0;0;0;0
2007;172;0;0;3;0
2007;173;0;0;1;0
2007;174;0;0;1;0
2007;175;0;0;2;0
2007;176;0;0;1;0
2007;177;0;0;0;0
2007;178;0;0;2;0
2007;179;0;0;0;0
2007;180;0;0;0;0
2007;181;0;0;0;0
2007;182;0;0;1;0
2007;183;0;0;0;0
2007;184;0;0;0;0
2007;185;0;0;0;0
2007;186;0;0;0;0
2007;187;0;0;0;0
2007;188;0;0;0;0
2007;189;0;0;0;0
2007;190;0;0;0;0
2007;191;0;0;0;0
2007;192;0;0;0;0
2007;193;0;0;0;0
2007;194;0;0;0;0
2007;195;0;0;0;0
2007;196;0;0;0;0
2007;197;0;0;0;0
2007;198;0;0;0;0
2007;199;0;0;0;0
2007;200;0;0;0;0
2007;201;0;0;0;0
2007;202;0;0;0;0
2007;203;0;0;0;0
2007;204;0;0;0;0
2007;205;0;0;0;0
2008;92;0;0;0;0
2008;93;0;0;0;0
2008;94;0;0;0;0
2008;95;0;0;0;0
2008;96;0;1;0;0
2008;97;0;1;0;0
2008;98;0;0;0;0
2008;99;0;0;0;0
2008;100;0;2;0;0
2008;101;0;1;0;0
2008;102;0;2;0;0
2008;103;0;0;0;0
2008;104;0;3;0;0
2008;105;0;2;0;0
2008;106;0;2;0;0
2008;107;0;3;0;0
2008;108;0;5;0;0
2008;109;0;3;0;0
2008;110;1;4;0;0
2008;111;0;18;0;0
2008;112;0;26;0;0
2008;113;0;11;0;0
2008;114;0;10;0;0
2008;115;0;24;0;0
2008;116;0;20;0;0
2008;117;0;15;0;0
2008;118;0;35;0;0
2008;119;0;22;0;0
2008;120;0;59;0;0
2008;121;1;66;0;0
2008;122;1;82;0;0
2008;123;0;51;0;0
2008;124;0;25;0;0
2008;125;0;61;0;0
2008;126;0;49;0;0
2008;127;0;42;0;0
2008;128;0;42;0;0
2008;129;2;38;0;0
2008;130;1;42;9;0
2008;131;0;62;0;0
2008;132;0;59;0;0
2008;133;0;22;0;0
2008;134;0;21;0;0
2008;135;0;40;0;0
2008;136;0;17;1;0
2008;137;0;19;0;0
2008;138;0;26;2;0
2008;139;0;16;0;0
2008;140;0;14;18;0
2008;141;1;22;0;0
2008;142;0;19;1;0
2008;143;1;5;0;0
2008;144;0;3;3;0
2008;145;0;6;13;0
2008;146;0;8;0;0
2008;147;0;5;1;0
2008;148;0;8;0;0
2008;149;0;1;0;0
2008;150;0;1;2;0
2008;151;0;3;0;0
2008;152;0;2;5;0
2008;153;1;0;2;0
2008;154;1;0;2;0
2008;155;0;0;2;0
2008;156;0;0;0;0
2008;157;0;1;5;0
2008;158;0;2;0;0
2008;159;0;0;0;0
2008;160;0;1;5;0
2008;161;0;0;1;0
2008;162;0;0;3;0
2008;163;0;0;0;0
2008;164;0;0;0;0
2008;165;0;0;0;0
2008;166;0;0;1;0
2008;167;0;0;0;0
2008;168;0;0;1;0
2008;169;0;0;1;0
2008;170;0;0;0;0
2008;171;0;0;0;0
2008;172;0;0;0;0
2008;173;0;0;0;0
2008;174;0;0;0;0
2008;175;0;0;0;0
2008;176;0;0;0;0
2008;177;0;0;2;0
2008;178;0;0;0;0
2008;179;0;0;0;0
2008;180;0;0;0;0
2008;181;0;0;1;0
2008;182;0;0;0;0
2008;183;0;0;0;0
2008;184;0;0;0;0
2008;185;0;0;0;0
2008;186;0;0;0;0
2008;187;0;0;0;0
2008;188;0;0;0;0
2008;189;0;0;0;0
2008;190;0;0;0;0
2008;191;0;0;0;0
2008;192;0;0;0;0
2008;193;0;0;0;0
2008;194;0;0;0;0
2008;195;0;0;0;0
2008;196;0;0;0;0
2008;197;0;0;0;0
2008;198;0;0;0;0
2008;199;0;0;0;0
2008;200;0;0;0;0
2008;201;0;0;0;0
2008;202;0;0;0;0
2008;203;0;0;0;0
2008;204;0;0;0;0
2008;205;0;0;0;0
2009;92;0;0;0;0
2009;93;0;0;0;0
2009;94;0;0;0;0
2009;95;0;0;0;0
2009;96;0;0;0;0
2009;97;0;0;0;0
2009;98;0;0;0;0
2009;99;0;0;0;0
2009;100;0;0;0;0
2009;101;0;0;0;0
2009;102;0;1;0;0
2009;103;0;0;0;0
2009;104;0;1;0;0
2009;105;1;1;0;0
2009;106;1;1;0;0
2009;107;0;1;0;0
2009;108;0;2;0;0
2009;109;2;5;0;0
2009;110;2;3;0;0
2009;111;4;1;0;0
2009;112;4;7;0;0
2009;113;5;6;0;0
2009;114;3;3;0;0
2009;115;7;2;0;0
2009;116;8;2;0;0
2009;117;17;6;0;0
2009;118;23;4;0;0
2009;119;17;9;0;0
2009;120;34;2;1;0
2009;121;49;6;0;0
2009;122;63;11;0;0
2009;123;42;7;1;0
2009;124;46;6;0;0
2009;125;95;5;1;0
2009;126;67;7;0;0
2009;127;44;0;1;0
2009;128;64;9;1;0
2009;129;50;5;0;0
2009;130;73;6;1;0
2009;131;66;4;2;0
2009;132;78;7;0;0
2009;133;42;3;0;0
2009;134;44;2;2;0
2009;135;49;6;2;0
2009;136;32;5;0;0
2009;137;35;3;0;0
2009;138;54;5;2;0
2009;139;32;3;3;0
2009;140;40;2;2;0
2009;141;37;10;0;0
2009;142;36;8;3;0
2009;143;24;2;0;0
2009;144;18;2;0;0
2009;145;28;2;5;0
2009;146;26;2;4;0
2009;147;14;1;2;0
2009;148;28;3;4;0
2009;149;9;3;1;0
2009;150;14;5;1;0
2009;151;13;2;5;0
2009;152;13;5;2;0
2009;153;8;0;4;0
2009;154;5;1;1;0
2009;155;9;0;5;0
2009;156;6;1;5;0
2009;157;3;0;6;0
2009;158;7;1;1;0
2009;159;2;1;1;0
2009;160;4;0;7;0
2009;161;4;1;5;0
2009;162;3;0;2;0
2009;163;0;0;3;0
2009;164;1;0;2;0
2009;165;0;0;5;0
2009;166;1;0;2;0
2009;167;0;0;3;0
2009;168;0;0;2;0
2009;169;0;0;3;0
2009;170;0;0;3;0
2009;171;0;0;2;0
2009;172;0;0;1;0
2009;173;0;0;1;0
2009;174;0;0;0;0
2009;175;0;0;1;0
2009;176;0;0;0;0
2009;177;0;0;0;0
2009;178;0;0;2;0
2009;179;0;0;0;0
2009;180;0;0;0;0
2009;181;0;0;0;0
2009;182;0;0;0;0
2009;183;0;0;0;0
2009;184;0;0;0;0
2009;185;0;0;0;0
2009;186;0;0;0;0
2009;187;0;0;0;0
2009;188;0;0;0;0
2009;189;0;0;0;0
2009;190;0;0;0;0
2009;191;0;0;0;0
2009;192;0;0;0;0
2009;193;0;0;0;0
2009;194;0;0;0;0
2009;195;0;0;0;0
2009;196;0;0;0;0
2009;197;0;0;0;0
2009;198;0;0;0;0
2009;199;0;0;0;0
2009;200;0;0;0;0
2009;201;0;0;0;0
2009;202;0;0;0;0
2009;203;0;0;0;0
2009;204;0;0;0;0
2009;205;0;0;0;0
2010;92;0;0;0;0
2010;93;0;0;0;0
2010;94;0;0;0;0
2010;95;0;0;0;0
2010;96;0;0;0;0
2010;97;0;0;0;0
2010;98;0;0;0;0
2010;99;0;0;0;0
2010;100;0;0;0;0
2010;101;0;2;0;0
2010;102;0;0;0;0
2010;103;1;0;0;0
2010;104;0;0;0;0
2010;105;0;0;0;0
2010;106;0;0;0;0
2010;107;0;0;0;0
2010;108;0;0;0;0
2010;109;1;1;0;0
2010;110;0;1;0;0
2010;111;0;1;0;0
2010;112;0;2;0;0
2010;113;0;0;0;0
2010;114;0;1;0;0
2010;115;1;3;0;0
2010;116;0;3;1;0
2010;117;3;3;0;0
2010;118;3;6;0;0
2010;119;5;2;0;0
2010;120;10;6;0;0
2010;121;14;3;0;0
2010;122;19;2;0;0
2010;123;9;3;0;0
2010;124;13;4;0;0
2010;125;24;7;0;0
2010;126;16;6;0;0
2010;127;22;6;0;0
2010;128;42;2;0;0
2010;129;21;7;0;0
2010;130;26;5;0;0
2010;131;21;5;1;0
2010;132;18;5;1;0
2010;133;20;3;1;0
2010;134;15;2;0;0
2010;135;34;2;0;0
2010;136;15;1;0;0
2010;137;18;3;0;0
2010;138;16;4;1;0
2010;139;10;4;0;0
2010;140;15;1;2;0
2010;141;8;4;1;0
2010;142;10;4;3;0
2010;143;10;1;0;0
2010;144;7;2;2;0
2010;145;5;7;3;0
2010;146;5;1;0;0
2010;147;5;2;3;0
2010;148;5;1;6;0
2010;149;4;0;2;0
2010;150;2;0;4;0
2010;151;3;0;4;0
2010;152;1;0;2;0
2010;153;0;0;3;0
2010;154;0;0;4;0
2010;155;1;0;3;0
2010;156;0;0;1;0
2010;157;3;1;3;0
2010;158;0;0;2;0
2010;159;0;0;0;0
2010;160;1;0;0;0
2010;161;0;0;4;0
2010;162;1;0;1;0
2010;163;0;0;2;0
2010;164;0;0;1;0
2010;165;0;0;1;0
2010;166;0;0;0;0
2010;167;0;0;1;0
2010;168;0;0;3;0
2010;169;0;0;1;0
2010;170;0;0;0;0
2010;171;0;0;0;0
2010;172;0;0;0;0
2010;173;0;0;0;0
2010;174;0;0;0;0
2010;175;0;0;0;0
2010;176;0;0;1;0
2010;177;0;0;0;0
2010;178;0;0;0;0
2010;179;0;0;0;0
2010;180;0;0;0;0
2010;181;0;0;0;0
2010;182;0;0;0;0
2010;183;0;0;0;0
2010;184;0;0;0;0
2010;185;0;0;0;0
2010;186;0;0;0;0
2010;187;0;0;0;0
2010;188;0;0;0;0
2010;189;0;0;0;0
2010;190;0;0;0;0
2010;191;0;0;0;0
2010;192;0;0;0;0
2010;193;0;0;0;0
2010;194;0;0;0;0
2010;195;0;0;0;0
2010;196;0;0;0;0
2010;197;0;0;0;0
2010;198;0;0;0;0
2010;199;0;0;0;0
2010;200;0;0;0;0
2010;201;0;0;0;0
2010;202;0;0;0;0
2010;203;0;0;0;0
2010;204;0;0;0;0
2010;205;0;0;0;0
2011;92;0;1;0;0
2011;93;0;0;0;0
2011;94;0;0;0;0
2011;95;0;0;0;0
2011;96;0;1;0;0
2011;97;0;0;0;0
2011;98;0;1;0;0
2011;99;0;0;0;0
2011;100;1;0;0;0
2011;101;0;0;0;0
2011;102;0;2;0;0
2011;103;0;1;0;0
2011;104;0;1;0;0
2011;105;2;1;0;0
2011;106;4;2;0;0
2011;107;1;1;0;0
2011;108;0;1;0;0
2011;109;3;3;0;0
2011;110;4;2;0;0
2011;111;8;4;0;0
2011;112;10;6;0;0
2011;113;9;3;0;0
2011;114;3;2;0;0
2011;115;19;5;0;0
2011;116;12;5;0;0
2011;117;18;6;0;0
2011;118;15;6;0;0
2011;119;11;5;0;0
2011;120;21;10;0;0
2011;121;38;5;0;0
2011;122;32;3;0;0
2011;123;35;13;0;0
2011;124;20;4;0;0
2011;125;23;3;0;0
2011;126;43;7;0;0
2011;127;40;8;0;0
2011;128;44;3;0;0
2011;129;28;10;0;0
2011;130;25;4;0;0
2011;131;30;9;1;0
2011;132;29;6;2;0
2011;133;23;2;0;0
2011;134;11;3;1;0
2011;135;6;5;0;0
2011;136;6;1;2;0
2011;137;17;7;4;0
2011;138;13;4;2;0
2011;139;7;1;1;0
2011;140;8;3;0;0
2011;141;6;6;4;0
2011;142;8;0;4;0
2011;143;3;1;4;0
2011;144;1;0;1;0
2011;145;10;0;5;0
2011;146;5;0;1;0
2011;147;9;0;1;0
2011;148;8;0;4;0
2011;149;4;0;2;0
2011;150;9;1;7;0
2011;151;13;0;4;0
2011;152;11;1;5;0
2011;153;9;0;3;0
2011;154;2;0;0;0
2011;155;1;1;7;0
2011;156;0;0;1;0
2011;157;3;0;1;0
2011;158;0;0;2;0
2011;159;1;0;2;0
2011;160;1;0;1;0
2011;161;3;0;4;1
2011;162;0;0;2;0
2011;163;0;0;2;0
2011;164;0;0;2;0
2011;165;0;0;0;0
2011;166;0;0;0;0
2011;167;0;0;1;0
2011;168;0;0;1;0
2011;169;0;0;0;0
2011;170;0;0;0;0
2011;171;0;0;0;0
2011;172;0;0;0;0
2011;173;0;0;1;0
2011;174;0;0;0;0
2011;175;0;0;0;0
2011;176;0;0;0;0
2011;177;0;0;0;0
2011;178;0;0;0;0
2011;179;0;0;0;0
2011;180;0;0;0;0
2011;181;0;0;1;0
2011;182;0;0;0;0
2011;183;0;0;0;0
2011;184;0;0;0;0
2011;185;0;0;0;0
2011;186;0;0;0;0
2011;187;0;0;0;0
2011;188;0;0;0;0
2011;189;0;0;0;0
2011;190;0;0;0;0
2011;191;0;0;0;0
2011;192;0;0;0;0
2011;193;0;0;0;0
2011;194;0;0;0;0
2011;195;0;0;0;0
2011;196;0;0;0;0
2011;197;0;0;0;0
2011;198;0;0;0;0
2011;199;0;0;0;0
2011;200;0;0;0;0
2011;201;0;0;0;0
2011;202;0;0;0;0
2011;203;0;0;0;0
2011;204;0;0;0;0
2011;205;0;0;0;0
2012;92;0;0;0;0
2012;93;0;0;0;0
2012;94;0;0;0;0
2012;95;0;0;0;0
2012;96;0;0;0;0
2012;97;0;0;0;0
2012;98;0;0;0;0
2012;99;0;0;0;0
2012;100;0;0;0;0
2012;101;0;0;0;0
2012;102;1;0;0;0
2012;103;1;0;0;0
2012;104;0;0;0;0
2012;105;1;0;0;0
2012;106;0;1;0;0
2012;107;0;3;0;0
2012;108;0;2;0;0
2012;109;0;3;0;0
2012;110;5;0;0;0
2012;111;0;3;0;0
2012;112;4;5;0;0
2012;113;1;5;0;0
2012;114;0;0;0;0
2012;115;2;8;0;0
2012;116;5;1;0;0
2012;117;9;5;0;0
2012;118;8;5;1;0
2012;119;3;7;1;0
2012;120;17;2;1;0
2012;121;27;9;0;0
2012;122;26;7;0;0
2012;123;16;3;1;0
2012;124;9;4;1;0
2012;125;30;6;1;0
2012;126;13;6;0;0
2012;127;35;8;2;0
2012;128;35;7;0;0
2012;129;19;0;0;0
2012;130;52;6;6;0
2012;131;40;1;3;0
2012;132;34;2;1;0
2012;133;24;4;0;0
2012;134;13;3;1;0
2012;135;31;5;3;0
2012;136;18;2;0;0
2012;137;25;1;2;0
2012;138;20;6;1;0
2012;139;18;3;2;0
2012;140;29;4;2;0
2012;141;17;4;7;0
2012;142;14;0;5;0
2012;143;6;2;2;0
2012;144;6;1;2;0
2012;145;12;0;4;0
2012;146;5;3;1;0
2012;147;8;0;1;0
2012;148;8;0;6;0
2012;149;7;0;6;0
2012;150;10;1;7;0
2012;151;8;0;8;0
2012;152;3;0;5;0
2012;153;4;4;3;0
2012;154;4;0;3;0
2012;155;5;0;4;0
2012;156;1;0;0;0
2012;157;2;1;4;0
2012;158;4;0;4;0
2012;159;0;0;2;0
2012;160;0;1;2;0
2012;161;1;0;4;0
2012;162;1;0;2;0
2012;163;0;0;0;0
2012;164;0;1;1;0
2012;165;0;0;1;0
2012;166;0;0;2;0
2012;167;0;0;0;0
2012;168;0;0;0;0
2012;169;1;0;0;0
2012;170;1;0;1;0
2012;171;0;0;1;0
2012;172;0;0;0;0
2012;173;0;0;1;0
2012;174;0;0;0;0
2012;175;0;0;0;0
2012;176;0;0;0;0
2012;177;0;0;0;0
2012;178;0;0;0;0
2012;179;0;0;0;0
2012;180;0;0;0;0
2012;181;0;0;0;0
2012;182;0;0;0;0
2012;183;0;0;0;0
2012;184;0;0;0;0
2012;185;0;0;0;0
2012;186;0;0;0;0
2012;187;0;0;0;0
2012;188;0;0;0;0
2012;189;0;0;0;0
2012;190;0;0;0;0
2012;191;0;0;0;0
2012;192;0;0;0;0
2012;193;0;0;0;0
2012;194;0;0;0;0
2012;195;0;0;0;0
2012;196;0;0;0;0
2012;197;0;0;0;0
2012;198;0;0;0;0
2012;199;0;0;0;0
2012;200;0;0;0;0
2012;201;0;0;0;0
2012;202;0;0;0;0
2012;203;0;0;0;0
2012;204;0;0;0;0
2012;205;0;0;0;0
2013;92;0;0;0;0
2013;93;0;0;0;0
2013;94;0;0;0;0
2013;95;0;0;0;0
2013;96;0;0;0;0
2013;97;0;0;0;0
2013;98;0;0;0;0
2013;99;0;0;0;0
2013;100;0;0;0;0
2013;101;0;0;0;0
2013;102;0;1;0;0
2013;103;0;1;0;0
2013;104;0;0;0;0
2013;105;0;1;0;0
2013;106;0;1;0;0
2013;107;0;0;0;0
2013;108;0;1;0;0
2013;109;2;0;0;0
2013;110;1;5;0;0
2013;111;1;2;0;0
2013;112;5;1;0;0
2013;113;9;7;0;0
2013;114;3;3;0;0
2013;115;5;4;0;0
2013;116;5;1;0;0
2013;117;5;6;0;0
2013;118;3;10;0;0
2013;119;4;4;0;0
2013;120;7;6;0;0
2013;121;9;7;0;0
2013;122;16;8;0;0
2013;123;14;14;0;0
2013;124;7;7;0;0
2013;125;17;9;0;0
2013;126;6;4;0;0
2013;127;21;9;1;0
2013;128;22;8;0;0
2013;129;8;9;1;0
2013;130;16;4;0;0
2013;131;6;6;2;0
2013;132;13;14;1;0
2013;133;6;2;1;0
2013;134;10;5;3;0
2013;135;9;4;1;0
2013;136;7;5;1;0
2013;137;5;8;2;0
2013;138;7;4;1;0
2013;139;5;3;2;0
2013;140;2;4;0;0
2013;141;5;4;4;0
2013;142;5;3;4;0
2013;143;3;1;1;0
2013;144;1;3;2;0
2013;145;3;4;1;0
2013;146;2;2;4;0
2013;147;1;1;1;0
2013;148;0;2;3;0
2013;149;2;1;1;0
2013;150;1;2;3;0
2013;151;1;0;2;0
2013;152;2;0;2;0
2013;153;0;0;4;0
2013;154;0;0;0;0
2013;155;2;1;2;0
2013;156;1;2;0;0
2013;157;1;0;4;0
2013;158;0;0;1;0
2013;159;0;0;1;0
2013;160;0;0;4;0
2013;161;0;0;2;0
2013;162;0;0;1;0
2013;163;0;0;1;0
2013;164;0;0;2;0
2013;165;0;0;1;0
2013;166;0;0;0;0
2013;167;0;0;1;0
2013;168;0;0;1;0
2013;169;0;0;0;0
2013;170;0;0;0;0
2013;171;0;0;0;0
2013;172;0;0;1;0
2013;173;0;0;1;0
2013;174;0;0;0;0
2013;175;0;0;0;0
2013;176;0;0;0;0
2013;177;0;0;0;0
2013;178;0;0;0;0
2013;179;0;0;0;0
2013;180;0;0;0;0
2013;181;0;0;0;0
2013;182;0;0;0;0
2013;183;0;0;0;0
2013;184;0;0;0;0
2013;185;0;0;1;0
2013;186;0;0;0;0
2013;187;0;0;0;0
2013;188;0;0;0;0
2013;189;0;0;0;0
2013;190;0;0;0;0
2013;191;0;0;0;0
2013;192;0;0;0;0
2013;193;0;0;0;0
2013;194;0;0;0;0
2013;195;0;0;0;0
2013;196;0;0;0;0
2013;197;0;0;0;0
2013;198;0;0;0;0
2013;199;0;0;0;0
2013;200;0;0;0;0
2013;201;0;0;0;0
2013;202;0;0;0;0
2013;203;0;0;0;0
2013;204;0;0;0;0
2013;205;0;0;0;0
2014;92;0;0;0;0
2014;93;0;0;0;0
2014;94;0;0;0;0
2014;95;0;0;0;0
2014;96;0;0;0;0
2014;97;0;0;0;0
2014;98;0;0;0;0
2014;99;0;0;0;0
2014;100;0;0;0;0
2014;101;0;0;0;0
2014;102;0;0;0;0
2014;103;0;0;0;0
2014;104;0;0;0;0
2014;105;0;0;0;0
2014;106;0;0;0;0
2014;107;1;0;0;0
2014;108;0;0;0;0
2014;109;0;2;0;0
2014;110;0;0;0;0
2014;111;1;1;0;0
2014;112;2;3;0;0
2014;113;0;5;0;0
2014;114;1;1;0;0
2014;115;1;4;0;0
2014;116;5;3;0;0
2014;117;2;5;0;0
2014;118;7;9;0;0
2014;119;8;4;0;0
2014;120;6;2;0;0
2014;121;13;3;0;0
2014;122;12;7;0;0
2014;123;14;6;0;0
2014;124;11;5;1;0
2014;125;31;8;0;0
2014;126;15;2;1;0
2014;127;27;9;2;0
2014;128;21;5;0;0
2014;129;13;2;0;0
2014;130;21;6;0;0
2014;131;19;4;2;0
2014;132;40;11;1;0
2014;133;18;2;1;0
2014;134;16;3;0;0
2014;135;26;6;4;0
2014;136;22;3;1;0
2014;137;31;5;1;0
2014;138;25;0;1;0
2014;139;11;3;1;0
2014;140;5;3;2;0
2014;141;9;3;0;0
2014;142;10;5;2;0
2014;143;9;3;3;0
2014;144;3;2;0;0
2014;145;6;6;4;0
2014;146;1;3;4;0
2014;147;6;2;5;0
2014;148;3;4;1;0
2014;149;4;0;1;0
2014;150;0;2;2;0
2014;151;0;1;3;0
2014;152;3;1;4;0
2014;153;4;0;1;0
2014;154;0;2;1;0
2014;155;1;0;5;0
2014;156;0;1;1;0
2014;157;0;1;2;0
2014;158;0;1;0;0
2014;159;0;1;3;0
2014;160;0;0;3;0
2014;161;0;0;2;0
2014;162;1;0;5;0
2014;163;0;0;0;0
2014;164;0;1;1;0
2014;165;0;0;1;0
2014;166;0;0;0;0
2014;167;1;0;1;0
2014;168;0;0;1;0
2014;169;0;0;1;0
2014;170;0;0;0;0
2014;171;0;0;1;0
2014;172;0;0;2;0
2014;173;0;0;2;0
2014;174;0;0;0;0
2014;175;0;0;1;0
2014;176;0;0;2;0
2014;177;0;0;0;0
2014;178;0;0;0;0
2014;179;0;0;0;0
2014;180;0;0;0;0
2014;181;0;0;0;0
2014;182;0;0;0;0
2014;183;0;0;0;0
2014;184;0;0;0;0
2014;185;0;0;0;0
2014;186;0;0;0;0
2014;187;0;0;0;0
2014;188;0;0;0;0
2014;189;0;0;0;0
2014;190;0;0;0;0
2014;191;0;0;0;0
2014;192;0;0;0;0
2014;193;0;0;0;0
2014;194;0;0;0;0
2014;195;0;0;0;0
2014;196;0;0;0;0
2014;197;0;0;0;0
2014;198;0;0;0;0
2014;199;0;0;0;0
2014;200;0;0;0;0
2014;201;0;0;0;0
2014;202;0;0;0;0
2014;203;0;0;0;0
2014;204;0;0;0;0
2014;205;0;0;0;0
2015;92;0;0;0;0
2015;93;0;0;0;0
2015;94;0;0;0;0
2015;95;0;0;0;0
2015;96;0;0;0;0
2015;97;0;0;0;0
2015;98;0;0;0;0
2015;99;0;0;0;0
2015;100;1;0;0;0
2015;101;0;1;0;0
2015;102;0;1;0;0
2015;103;1;0;0;0
2015;104;1;4;0;0
2015;105;0;2;0;0
2015;106;0;1;0;0
2015;107;3;0;0;0
2015;108;6;1;0;0
2015;109;2;4;0;0
2015;110;4;4;0;0
2015;111;3;2;0;0
2015;112;7;6;0;0
2015;113;2;2;1;0
2015;114;10;7;0;0
2015;115;11;5;1;0
2015;116;28;2;0;0
2015;117;21;6;0;0
2015;118;18;6;1;0
2015;119;20;1;0;0
2015;120;23;6;0;0
2015;121;29;4;1;0
2015;122;43;8;0;0
2015;123;29;4;0;0
2015;124;22;2;2;0
2015;125;43;4;0;0
2015;126;32;4;2;0
2015;127;48;6;1;0
2015;128;26;3;5;0
2015;129;36;3;3;0
2015;130;29;2;1;0
2015;131;34;3;5;0
2015;132;54;4;1;0
2015;133;37;1;0;0
2015;134;30;3;2;0
2015;135;18;3;1;0
2015;136;38;3;4;0
2015;137;31;2;3;0
2015;138;25;2;3;0
2015;139;11;3;3;0
2015;140;27;4;1;0
2015;141;11;1;5;0
2015;142;15;1;4;0
2015;143;20;0;3;0
2015;144;11;3;4;0
2015;145;3;2;4;0
2015;146;10;0;8;0
2015;147;17;1;1;0
2015;148;6;2;3;0
2015;149;4;1;4;0
2015;150;5;2;2;0
2015;151;4;0;3;0
2015;152;6;3;2;1
2015;153;9;0;4;0
2015;154;3;0;7;0
2015;155;2;1;6;0
2015;156;0;0;1;0
2015;157;1;1;3;0
2015;158;0;0;1;0
2015;159;2;1;5;0
2015;160;0;1;3;0
2015;161;2;0;1;0
2015;162;2;1;4;0
2015;163;1;0;2;0
2015;164;1;0;3;0
2015;165;0;0;3;0
2015;166;0;0;1;0
2015;167;0;0;1;0
2015;168;0;0;1;0
2015;169;0;0;0;0
2015;170;0;0;1;0
2015;171;0;0;0;0
2015;172;0;0;1;0
2015;173;0;0;0;0
2015;174;0;0;0;0
2015;175;0;0;1;0
2015;176;0;0;0;0
2015;177;0;0;0;0
2015;178;0;0;0;0
2015;179;0;0;0;0
2015;180;0;0;0;0
2015;181;0;0;0;0
2015;182;0;0;0;0
2015;183;0;0;0;0
2015;184;0;0;0;0
2015;185;0;0;0;0
2015;186;0;0;0;0
2015;187;0;0;0;0
2015;188;0;0;0;0
2015;189;0;0;0;0
2015;190;0;0;0;0
2015;191;0;0;0;0
2015;192;0;0;0;0
2015;193;0;0;0;0
2015;194;0;0;0;0
2015;195;0;0;0;0
2015;196;0;0;0;0
2015;197;0;0;0;0
2015;198;0;0;0;0
2015;199;0;0;0;0
2015;200;0;0;0;0
2015;201;0;0;0;0
2015;202;0;0;0;0
2015;203;0;0;0;0
2015;204;0;0;0;0
2015;205;0;0;0;0
2016;92;0;0;0;0
2016;93;0;0;0;0
2016;94;0;0;0;0
2016;95;0;0;0;0
2016;96;0;0;0;0
2016;97;0;0;0;0
2016;98;0;0;0;0
2016;99;0;0;0;0
2016;100;0;0;0;0
2016;101;1;0;0;0
2016;102;0;0;0;0
2016;103;0;0;0;0
2016;104;0;0;0;0
2016;105;0;1;0;0
2016;106;0;1;0;0
2016;107;0;1;0;0
2016;108;0;1;0;0
2016;109;1;1;0;0
2016;110;0;1;0;0
2016;111;0;4;0;0
2016;112;1;7;1;0
2016;113;1;4;0;0
2016;114;0;5;0;0
2016;115;0;7;0;0
2016;116;2;5;2;0
2016;117;1;7;1;0
2016;118;3;5;1;0
2016;119;2;8;0;0
2016;120;6;9;1;0
2016;121;5;4;0;0
2016;122;7;9;1;0
2016;123;5;9;2;0
2016;124;7;9;1;0
2016;125;5;11;2;0
2016;126;12;6;1;0
2016;127;7;4;1;0
2016;128;10;13;3;0
2016;129;10;10;3;0
2016;130;13;10;3;0
2016;131;7;12;1;0
2016;132;10;9;1;0
2016;133;10;5;2;0
2016;134;1;8;2;0
2016;135;8;7;3;0
2016;136;3;11;3;0
2016;137;6;4;0;0
2016;138;5;7;2;0
2016;139;8;5;0;0
2016;140;3;5;5;0
2016;141;5;3;4;0
2016;142;1;3;4;0
2016;143;0;5;2;0
2016;144;2;2;4;0
2016;145;0;2;1;0
2016;146;1;0;3;0
2016;147;0;0;1;0
2016;148;1;0;5;0
2016;149;1;1;1;0
2016;150;0;1;0;0
2016;151;0;1;2;0
2016;152;0;0;6;0
2016;153;0;0;0;0
2016;154;0;0;2;0
2016;155;0;0;5;0
2016;156;0;1;2;0
2016;157;1;0;1;0
2016;158;0;0;1;0
2016;159;0;0;1;0
2016;160;0;0;0;0
2016;161;0;0;0;0
2016;162;1;0;2;0
2016;163;0;0;1;0
2016;164;0;0;2;0
2016;165;0;0;0;0
2016;166;0;0;1;0
2016;167;0;0;0;0
2016;168;0;0;0;0
2016;169;0;0;0;0
2016;170;0;0;1;0
2016;171;0;0;0;0
2016;172;0;0;1;0
2016;173;0;0;0;0
2016;174;0;0;0;0
2016;175;0;0;0;0
2016;176;0;0;0;0
2016;177;0;0;0;0
2016;178;0;0;0;0
2016;179;0;0;0;0
2016;180;0;0;0;0
2016;181;0;0;0;0
2016;182;0;0;0;0
2016;183;0;0;0;0
2016;184;0;0;0;0
2016;185;0;0;0;0
2016;186;0;0;0;0
2016;187;0;0;0;0
2016;188;0;0;0;0
2016;189;0;0;0;0
2016;190;0;0;0;0
2016;191;0;0;0;0
2016;192;0;0;0;0
2016;193;0;0;0;0
2016;194;0;0;0;0
2016;195;0;0;0;0
2016;196;0;0;0;0
2016;197;0;0;0;0
2016;198;0;0;0;0
2016;199;0;0;0;0
2016;200;0;0;0;0
2016;201;0;0;0;0
2016;202;0;0;0;0
2016;203;0;0;0;0
2016;204;0;0;0;0
2016;205;0;0;0;0
2017;92;0;0;0;0
2017;93;0;0;0;0
2017;94;0;0;0;0
2017;95;1;0;0;0
2017;96;0;0;0;0
2017;97;0;0;0;0
2017;98;0;0;0;0
2017;99;0;0;0;0
2017;100;0;0;0;0
2017;101;0;0;0;0
2017;102;0;0;0;0
2017;103;0;0;0;0
2017;104;0;0;0;0
2017;105;0;0;0;0
2017;106;0;0;0;0
2017;107;0;1;0;0
2017;108;0;0;0;0
2017;109;0;0;0;0
2017;110;0;0;0;0
2017;111;0;1;0;0
2017;112;0;1;0;0
2017;113;2;5;0;0
2017;114;0;7;0;0
2017;115;2;4;0;0
2017;116;5;2;0;0
2017;117;5;7;0;0
2017;118;6;3;0;0
2017;119;13;5;1;0
2017;120;6;4;0;0
2017;121;11;3;0;0
2017;122;13;3;1;0
2017;123;7;5;0;0
2017;124;14;8;0;0
2017;125;15;3;2;0
2017;126;16;2;2;0
2017;127;20;3;2;0
2017;128;17;5;0;0
2017;129;19;3;0;0
2017;130;16;3;3;0
2017;131;14;5;0;0
2017;132;19;3;3;0
2017;133;18;6;4;0
2017;134;14;3;0;0
2017;135;12;2;2;0
2017;136;14;1;3;0
2017;137;23;0;1;0
2017;138;11;2;4;0
2017;139;6;5;6;0
2017;140;4;5;2;0
2017;141;9;2;0;0
2017;142;2;3;4;0
2017;143;7;3;6;0
2017;144;4;3;7;0
2017;145;3;1;2;0
2017;146;7;2;7;0
2017;147;1;0;4;0
2017;148;0;0;2;0
2017;149;2;1;6;0
2017;150;7;2;7;0
2017;151;2;1;2;0
2017;152;1;2;9;0
2017;153;1;1;6;0
2017;154;1;0;5;0
2017;155;0;1;7;0
2017;156;3;0;7;0
2017;157;0;0;3;0
2017;158;1;0;8;0
2017;159;0;0;7;0
2017;160;0;0;4;0
2017;161;2;0;1;0
2017;162;2;0;9;0
2017;163;0;0;3;0
2017;164;0;0;1;0
2017;165;1;0;7;0
2017;166;0;0;3;0
2017;167;0;0;4;0
2017;168;0;0;2;0
2017;169;0;0;4;0
2017;170;1;0;4;0
2017;171;0;0;1;0
2017;172;0;0;0;0
2017;173;0;0;2;0
2017;174;0;0;1;0
2017;175;0;0;0;0
2017;176;0;0;0;0
2017;177;0;0;0;0
2017;178;0;0;1;0
2017;179;0;0;0;0
2017;180;0;0;0;0
2017;181;0;0;0;0
2017;182;0;0;0;0
2017;183;0;0;0;0
2017;184;0;0;0;0
2017;185;0;0;0;0
2017;186;0;0;0;0
2017;187;0;0;0;0
2017;188;0;0;0;0
2017;189;0;0;0;0
2017;190;0;0;0;0
2017;191;0;0;0;0
2017;192;0;0;0;0
2017;193;0;0;0;0
2017;194;0;0;0;0
2017;195;0;0;0;0
2017;196;0;0;0;0
2017;197;0;0;0;0
2017;198;0;0;0;0
2017;199;0;0;0;0
2017;200;0;0;0;0
2017;201;0;0;0;0
2017;202;0;0;0;0
2017;203;0;0;0;0
2017;204;0;0;0;0
2017;205;0;0;0;0
2018;92;0;0;0;0
2018;93;0;0;0;0
2018;94;0;0;0;0
2018;95;0;0;0;0
2018;96;0;0;0;0
2018;97;0;0;0;0
2018;98;0;0;0;0
2018;99;0;0;0;0
2018;100;0;0;0;0
2018;101;0;0;0;0
2018;102;0;0;0;0
2018;103;0;0;0;0
2018;104;0;0;0;0
2018;105;0;0;0;0
2018;106;0;0;0;0
2018;107;0;0;0;0
2018;108;0;0;0;0
2018;109;0;0;0;0
2018;110;1;1;0;0
2018;111;0;0;0;0
2018;112;1;1;0;0
2018;113;0;0;0;0
2018;114;0;2;0;0
2018;115;0;0;0;0
2018;116;0;1;0;0
2018;117;0;4;0;0
2018;118;0;2;0;0
2018;119;0;0;1;0
2018;120;0;1;0;0
2018;121;0;6;0;0
2018;122;1;5;0;0
2018;123;0;5;0;0
2018;124;0;13;0;0
2018;125;2;3;0;0
2018;126;0;11;0;0
2018;127;2;9;0;0
2018;128;0;12;0;0
2018;129;4;8;0;0
2018;130;3;9;0;0
2018;131;4;10;0;0
2018;132;4;19;0;0
2018;133;1;13;1;0
2018;134;1;7;1;0
2018;135;5;9;0;0
2018;136;6;13;0;0
2018;137;3;6;1;0
2018;138;4;11;0;0
2018;139;1;15;1;0
2018;140;4;12;0;0
2018;141;4;5;1;0
2018;142;2;15;0;0
2018;143;2;14;1;0
2018;144;2;7;0;0
2018;145;2;7;1;0
2018;146;3;9;2;0
2018;147;0;5;0;0
2018;148;2;15;3;0
2018;149;1;6;1;0
2018;150;0;15;0;0
2018;151;1;9;4;0
2018;152;0;6;0;0
2018;153;0;1;0;0
2018;154;2;3;2;0
2018;155;0;4;3;0
2018;156;0;1;2;0
2018;157;0;4;2;0
2018;158;0;2;1;0
2018;159;0;1;0;0
2018;160;0;0;1;0
2018;161;0;0;0;0
2018;162;0;1;0;0
2018;163;0;1;3;0
2018;164;0;0;2;0
2018;165;0;1;2;0
2018;166;0;0;1;0
2018;167;0;0;0;0
2018;168;0;0;1;0
2018;169;0;0;0;0
2018;170;0;0;2;0
2018;171;0;1;0;0
2018;172;0;0;0;0
2018;173;0;0;0;0
2018;174;0;0;0;0
2018;175;0;0;0;0
2018;176;0;0;1;0
2018;177;0;0;0;0
2018;178;0;0;1;0
2018;179;0;0;0;0
2018;180;0;0;0;0
2018;181;0;0;0;0
2018;182;0;0;0;0
2018;183;0;0;0;0
2018;184;0;0;0;0
2018;185;0;0;0;0
2018;186;0;0;0;0
2018;187;0;0;0;0
2018;188;0;0;0;0
2018;189;0;0;0;0
2018;190;0;0;0;0
2018;191;0;0;0;0
2018;192;0;0;0;0
2018;193;0;0;0;0
2018;194;0;0;0;0
2018;195;0;0;0;0
2018;196;0;0;0;0
2018;197;0;0;0;0
2018;198;0;0;0;0
2018;199;0;0;0;0
2018;200;0;0;0;0
2018;201;0;0;0;0
2018;202;0;0;0;0
2018;203;0;0;0;0
2018;204;0;0;0;0
2018;205;0;0;0;0
2019;92;0;0;0;0
2019;93;0;0;0;0
2019;94;0;0;0;0
2019;95;0;0;0;0
2019;96;0;0;0;0
2019;97;0;0;0;0
2019;98;0;0;0;0
2019;99;0;0;0;0
2019;100;0;0;0;0
2019;101;0;0;0;0
2019;102;1;0;0;0
2019;103;0;0;0;0
2019;104;0;0;0;0
2019;105;0;1;0;0
2019;106;0;3;0;0
2019;107;0;0;0;0
2019;108;0;2;0;0
2019;109;0;2;0;0
2019;110;0;4;0;0
2019;111;0;4;0;0
2019;112;1;4;0;0
2019;113;5;5;0;0
2019;114;1;5;0;0
2019;115;8;2;0;0
2019;116;1;7;0;0
2019;117;6;6;0;0
2019;118;8;4;0;0
2019;119;7;14;0;0
2019;120;11;4;0;0
2019;121;17;7;0;0
2019;122;13;2;0;0
2019;123;24;9;0;0
2019;124;10;5;0;0
2019;125;11;5;0;0
2019;126;12;7;1;0
2019;127;11;4;0;0
2019;128;12;13;0;0
2019;129;15;6;0;0
2019;130;27;10;0;0
2019;131;16;3;0;0
2019;132;20;6;0;0
2019;133;17;4;1;0
2019;134;15;7;0;0
2019;135;18;10;0;0
2019;136;13;3;1;0
2019;137;14;7;0;0
2019;138;6;3;3;0
2019;139;6;2;0;0
2019;140;11;3;2;0
2019;141;11;6;1;0
2019;142;13;5;2;0
2019;143;17;7;3;0
2019;144;11;6;1;0
2019;145;13;7;3;0
2019;146;6;3;3;0
2019;147;0;3;2;0
2019;148;3;3;2;0
2019;149;3;2;3;0
2019;150;0;0;3;0
2019;151;1;2;3;0
2019;152;2;0;0;0
2019;153;0;1;3;0
2019;154;0;2;1;0
2019;155;1;0;2;0
2019;156;0;2;3;0
2019;157;1;1;2;0
2019;158;1;0;2;0
2019;159;0;0;7;0
2019;160;0;0;2;0
2019;161;0;0;3;0
2019;162;1;0;1;0
2019;163;0;0;1;0
2019;164;0;0;1;0
2019;165;0;0;2;0
2019;166;1;0;3;0
2019;167;0;1;4;0
2019;168;0;0;0;0
2019;169;0;0;1;0
2019;170;0;0;1;0
2019;171;0;1;1;0
2019;172;2;0;4;0
2019;173;0;1;2;0
2019;174;0;0;1;0
2019;175;0;0;0;0
2019;176;0;0;1;0
2019;177;0;0;0;0
2019;178;0;0;0;0
2019;179;0;0;2;0
2019;180;0;0;0;0
2019;181;0;0;0;0
2019;182;0;0;0;0
2019;183;0;0;0;0
2019;184;0;0;1;0
2019;185;0;0;0;0
2019;186;0;0;1;0
2019;187;0;0;1;0
2019;188;0;0;0;0
2019;189;0;0;0;0
2019;190;0;0;0;0
2019;191;0;0;0;0
2019;192;0;0;0;0
2019;193;0;0;0;0
2019;194;0;0;0;0
2019;195;0;0;0;0
2019;196;0;0;0;0
2019;197;0;0;0;0
2019;198;0;0;0;0
2019;199;0;0;0;0
2019;200;0;0;0;0
2019;201;0;0;0;0
2019;202;0;0;0;0
2019;203;0;0;0;0
2019;204;0;0;0;0
2019;205;0;0;0;0
2020;92;0;0;0;0
2020;93;0;0;0;0
2020;94;0;0;0;0
2020;95;0;0;0;0
2020;96;0;0;0;0
2020;97;0;0;0;0
2020;98;0;0;0;0
2020;99;0;0;0;0
2020;100;0;0;0;0
2020;101;0;0;0;0
2020;102;0;0;0;0
2020;103;0;0;0;0
2020;104;0;0;0;0
2020;105;0;0;0;0
2020;106;0;0;0;0
2020;107;0;0;0;0
2020;108;0;1;0;0
2020;109;0;0;0;0
2020;110;0;0;0;0
2020;111;1;3;0;0
2020;112;2;5;0;0
2020;113;3;7;0;0
2020;114;0;2;0;0
2020;115;8;13;0;0
2020;116;3;3;1;0
2020;117;5;3;0;0
2020;118;9;8;0;0
2020;119;11;5;0;0
2020;120;15;10;0;0
2020;121;17;8;0;0
2020;122;12;4;0;0
2020;123;26;5;0;0
2020;124;9;7;0;0
2020;125;6;4;0;0
2020;126;21;7;0;0
2020;127;18;5;0;0
2020;128;22;6;0;0
2020;129;20;9;0;0
2020;130;28;5;0;0
2020;131;21;9;1;0
2020;132;35;6;0;0
2020;133;30;5;0;0
2020;134;39;4;1;0
2020;135;34;3;0;0
2020;136;33;7;2;0
2020;137;38;8;0;0
2020;138;31;6;1;0
2020;139;21;5;1;0
2020;140;20;8;0;0
2020;141;23;10;1;0
2020;142;19;3;3;0
2020;143;19;1;1;0
2020;144;12;6;0;0
2020;145;17;8;3;0
2020;146;6;2;3;0
2020;147;7;2;2;0
2020;148;3;3;0;0
2020;149;2;5;4;0
2020;150;2;2;0;0
2020;151;0;2;2;0
2020;152;0;2;3;0
2020;153;0;1;0;0
2020;154;1;2;0;0
2020;155;1;2;0;0
2020;156;1;0;2;0
2020;157;1;0;2;0
2020;158;1;0;1;0
2020;159;0;0;0;0
2020;160;0;1;0;0
2020;161;0;0;1;0
2020;162;0;0;0;0
2020;163;0;0;0;0
2020;164;0;0;1;0
2020;165;0;0;0;0
2020;166;0;0;0;0
2020;167;1;1;2;0
2020;168;0;0;0;0
2020;169;0;0;2;0
2020;170;0;0;1;0
2020;171;0;0;0;0
2020;172;0;0;0;0
2020;173;0;0;0;0
2020;174;0;0;0;0
2020;175;0;0;0;0
2020;176;0;0;1;0
2020;177;0;0;0;0
2020;178;1;0;0;0
2020;179;0;0;0;0
2020;180;0;0;0;0
2020;181;0;0;0;0
2020;182;0;0;0;0
2020;183;0;0;0;0
2020;184;0;0;0;0
2020;185;0;0;0;0
2020;186;0;0;0;0
2020;187;0;0;0;0
2020;188;0;0;0;0
2020;189;0;0;0;0
2020;190;0;0;0;0
2020;191;0;0;0;0
2020;192;0;0;0;0
2020;193;0;0;0;0
2020;194;0;0;0;0
2020;195;0;0;0;0
2020;196;0;0;0;0
2020;197;0;0;0;0
2020;198;0;0;0;0
2020;199;0;0;0;0
2020;200;0;0;0;0
2020;201;0;0;0;0
2020;202;0;0;0;0
2020;203;0;0;0;0
2020;204;0;0;0;0
2020;205;0;0;0;0
2021;92;0;0;0;0
2021;93;0;0;0;0
2021;94;0;0;0;0
2021;95;0;0;0;0
2021;96;0;0;0;0
2021;97;0;0;0;0
2021;98;0;0;0;0
2021;99;0;0;0;0
2021;100;0;0;0;0
2021;101;0;0;0;0
2021;102;0;0;0;0
2021;103;0;0;0;0
2021;104;0;0;0;0
2021;105;0;0;0;0
2021;106;0;0;0;0
2021;107;0;0;0;0
2021;108;0;0;0;0
2021;109;0;1;0;0
2021;110;0;0;0;0
2021;111;0;2;0;0
2021;112;2;2;0;0
2021;113;0;1;0;0
2021;114;0;0;0;0
2021;115;0;2;0;0
2021;116;0;2;0;0
2021;117;0;4;0;0
2021;118;0;9;0;0
2021;119;2;6;0;0
2021;120;4;6;0;0
2021;121;1;7;0;0
2021;122;7;10;0;0
2021;123;6;7;0;0
2021;124;10;10;0;0
2021;125;9;11;0;0
2021;126;13;15;0;0
2021;127;14;15;0;0
2021;128;19;12;0;0
2021;129;19;20;0;0
2021;130;31;7;0;0
2021;131;24;11;0;0
2021;132;31;8;1;0
2021;133;32;10;1;0
2021;134;35;18;1;0
2021;135;20;18;0;0
2021;136;28;7;0;0
2021;137;35;6;0;0
2021;138;33;15;0;0
2021;139;35;11;1;0
2021;140;19;9;1;0
2021;141;26;6;0;0
2021;142;26;10;1;0
2021;143;22;6;2;0
2021;144;9;15;0;0
2021;145;15;11;0;0
2021;146;10;10;0;0
2021;147;10;8;3;0
2021;148;7;10;2;0
2021;149;13;5;4;0
2021;150;6;6;4;0
2021;151;5;6;5;0
2021;152;4;3;4;0
2021;153;4;4;4;0
2021;154;6;3;4;0
2021;155;4;1;8;0
2021;156;3;3;5;0
2021;157;4;1;3;0
2021;158;2;0;3;0
2021;159;1;1;4;0
2021;160;0;1;1;0
2021;161;0;1;3;0
2021;162;1;0;0;0
2021;163;0;0;6;0
2021;164;0;0;6;0
2021;165;0;1;4;0
2021;166;0;0;2;0
2021;167;0;0;6;0
2021;168;1;0;3;0
2021;169;0;0;3;0
2021;170;1;0;2;0
2021;171;0;0;2;0
2021;172;0;0;3;0
2021;173;0;0;0;0
2021;174;0;0;5;0
2021;175;0;0;2;0
2021;176;0;0;0;0
2021;177;0;1;2;0
2021;178;0;0;1;0
2021;179;0;0;0;0
2021;180;0;0;0;0
2021;181;0;0;0;0
2021;182;0;0;0;0
2021;183;0;0;0;0
2021;184;0;0;0;0
2021;185;0;0;0;0
2021;186;0;0;0;0
2021;187;0;0;0;0
2021;188;0;0;0;0
2021;189;0;0;0;0
2021;190;0;0;0;0
2021;191;0;0;0;0
2021;192;0;0;0;0
2021;193;0;0;0;0
2021;194;0;0;0;0
2021;195;0;0;0;0
2021;196;0;0;0;0
2021;197;0;0;0;0
2021;198;0;0;0;0
2021;199;0;0;0;0
2021;200;0;0;0;0
2021;201;0;0;0;0
2021;202;0;0;0;0
2021;203;0;0;0;0
2021;204;0;0;0;0
2021;205;0;0;0;0
2022;92;0;0;0;0
2022;93;0;0;0;0
2022;94;0;0;0;0
2022;95;0;0;0;0
2022;96;0;0;0;0
2022;97;0;0;0;0
2022;98;0;0;0;0
2022;99;0;0;0;0
2022;100;0;0;0;0
2022;101;0;0;0;0
2022;102;0;0;0;0
2022;103;0;0;0;0
2022;104;0;0;0;0
2022;105;0;0;0;0
2022;106;0;0;0;0
2022;107;0;0;0;0
2022;108;0;0;0;0
2022;109;0;0;0;0
2022;110;0;0;0;0
2022;111;0;0;0;0
2022;112;0;1;0;0
2022;113;0;1;0;0
2022;114;0;0;0;0
2022;115;0;0;0;0
2022;116;0;0;0;0
2022;117;0;1;0;0
2022;118;0;0;0;0
2022;119;0;2;0;0
2022;120;0;0;0;0
2022;121;0;0;0;0
2022;122;0;0;0;0
2022;123;0;1;0;0
2022;124;0;0;0;0
2022;125;1;2;0;0
2022;126;2;1;0;0
2022;127;0;2;0;0
2022;128;1;2;0;0
2022;129;4;7;0;0
2022;130;3;3;0;0
2022;131;1;5;0;0
2022;132;4;9;0;0
2022;133;2;5;0;0
2022;134;10;8;1;0
2022;135;7;6;0;0
2022;136;11;9;0;0
2022;137;10;7;1;0
2022;138;14;6;0;0
2022;139;10;4;1;0
2022;140;28;7;0;0
2022;141;16;7;0;0
2022;142;13;2;1;0
2022;143;51;17;1;0
2022;144;28;8;1;0
2022;145;18;5;2;0
2022;146;19;11;4;0
2022;147;15;12;2;0
2022;148;9;6;1;0
2022;149;7;1;4;0
2022;150;9;4;4;0
2022;151;13;8;5;0
2022;152;12;5;0;0
2022;153;3;5;2;0
2022;154;5;4;4;0
2022;155;9;3;1;0
2022;156;5;2;4;0
2022;157;1;2;4;0
2022;158;7;2;4;0
2022;159;0;1;3;0
2022;160;1;2;2;0
2022;161;2;0;4;0
2022;162;0;0;2;0
2022;163;0;0;3;0
2022;164;2;0;2;0
2022;165;3;1;2;0
2022;166;2;0;5;0
2022;167;2;0;8;0
2022;168;1;0;2;0
2022;169;0;0;5;0
2022;170;0;0;6;0
2022;171;0;0;6;0
2022;172;1;1;2;0
2022;173;1;0;3;0
2022;174;0;0;7;0
2022;175;4;0;2;0
2022;176;0;0;2;0
2022;177;0;0;2;0
2022;178;0;0;4;0
2022;179;1;0;2;0
2022;180;0;0;2;0
2022;181;0;0;2;0
2022;182;0;0;1;0
2022;183;0;1;0;0
2022;184;0;0;0;0
2022;185;0;0;0;0
2022;186;0;0;1;0
2022;187;0;0;1;0
2022;188;0;0;0;0
2022;189;0;0;0;0
2022;190;0;0;0;0
2022;191;0;0;0;0
2022;192;0;0;0;0
2022;193;0;0;0;0
2022;194;0;0;0;0
2022;195;0;0;1;0
2022;196;0;0;0;0
2022;197;0;0;0;0
2022;198;0;0;0;0
2022;199;0;0;0;0
2022;200;0;0;0;0
2022;201;0;0;0;0
2022;202;0;0;0;0
2022;203;0;0;0;0
2022;204;0;0;1;0
2022;205;0;0;0;0
2023;92;0;0;0;0
2023;93;0;0;0;0
2023;94;0;0;0;0
2023;95;0;0;0;0
2023;96;0;0;0;0
2023;97;0;0;0;0
2023;98;0;0;0;0
2023;99;0;0;0;0
2023;100;0;0;0;0
2023;101;0;0;0;0
2023;102;0;0;0;0
2023;103;0;0;0;0
2023;104;0;0;0;0
2023;105;0;0;0;0
2023;106;0;0;0;0
2023;107;0;1;0;0
2023;108;0;0;0;0
2023;109;0;0;0;0
2023;110;0;1;0;0
2023;111;0;5;0;0
2023;112;1;0;0;0
2023;113;1;3;0;0
2023;114;2;3;0;0
2023;115;1;4;0;0
2023;116;3;6;0;0
2023;117;0;4;1;0
2023;118;3;4;0;0
2023;119;3;6;0;0
2023;120;11;8;0;0
2023;121;9;6;0;0
2023;122;6;3;0;0
2023;123;7;6;1;0
2023;124;10;4;0;0
2023;125;12;5;0;0
2023;126;14;7;0;0
2023;127;15;6;0;0
2023;128;16;6;0;0
2023;129;11;6;1;0
2023;130;30;6;1;0
2023;131;29;10;0;0
2023;132;23;4;0;0
2023;133;31;3;0;0
2023;134;26;3;0;0
2023;135;29;5;0;0
2023;136;32;5;0;0
2023;137;22;9;0;0
2023;138;20;11;1;0
2023;139;23;1;0;0
2023;140;14;3;0;0
2023;141;32;8;0;0
2023;142;18;5;0;0
2023;143;21;7;0;0
2023;144;16;9;0;0
2023;145;10;11;0;0
2023;146;4;7;1;0
2023;147;5;4;0;0
2023;148;3;1;1;0
2023;149;0;1;0;0
2023;150;0;2;0;0
2023;151;0;3;2;0
2023;152;1;1;1;0
2023;153;0;1;4;0
2023;154;0;1;1;0
2023;155;0;0;3;0
2023;156;0;1;0;0
2023;157;0;0;4;0
2023;158;0;0;0;0
2023;159;0;1;1;0
2023;160;0;0;1;0
2023;161;0;0;0;0
2023;162;0;0;1;0
2023;163;1;0;3;0
2023;164;0;0;0;0
2023;165;0;0;0;0
2023;166;0;0;0;0
2023;167;0;0;0;0
2023;168;0;0;1;0
2023;169;0;0;2;0
2023;170;0;0;1;0
2023;171;0;0;0;0
2023;172;0;0;1;0
2023;173;0;0;0;0
2023;174;0;0;1;0
2023;175;0;0;0;0
2023;176;0;0;0;0
2023;177;0;0;1;0
2023;178;0;0;0;0
2023;179;0;0;0;0
2023;180;0;0;0;0
2023;181;0;0;0;0
2023;182;0;0;0;0
2023;183;0;0;0;0
2023;184;0;0;0;0
2023;185;0;0;0;0
2023;186;0;0;0;0
2023;187;0;0;0;0
2023;188;0;0;0;0
2023;189;0;0;0;0
2023;190;0;0;0;0
2023;191;0;0;0;0
2023;192;0;0;0;0
2023;193;0;0;0;0
2023;194;0;0;0;0
2023;195;0;0;0;0
2023;196;0;0;0;0
2023;197;0;0;0;0
2023;198;0;0;0;0
2023;199;0;0;0;0
2023;200;0;0;0;0
2023;201;0;0;0;0
2023;202;0;0;0;0
2023;203;0;0;0;0
2023;204;0;0;0;0
2023;205;0;0;0;0
2024;92;0;0;0;0
2024;93;0;0;0;0
2024;94;0;0;0;0
2024;95;0;0;0;0
2024;96;0;0;0;0
2024;97;0;0;0;0
2024;98;0;0;0;0
2024;99;0;0;0;0
2024;100;0;0;0;0
2024;101;0;0;0;0
2024;102;0;0;0;0
2024;103;0;0;0;0
2024;104;0;0;0;0
2024;105;0;0;0;0
2024;106;0;0;0;0
2024;107;0;0;0;0
2024;108;0;0;0;0
2024;109;0;0;0;0
2024;110;0;0;0;0
2024;111;0;0;0;0
2024;112;0;0;0;0
2024;113;1;0;0;0
2024;114;0;1;0;0
2024;115;0;0;0;0
2024;116;0;4;0;0
2024;117;0;0;0;0
2024;118;0;4;0;0
2024;119;0;3;0;0
2024;120;2;2;0;0
2024;121;0;1;0;0
2024;122;0;1;0;0
2024;123;0;5;0;0
2024;124;0;3;0;0
2024;125;0;2;0;0
2024;126;1;6;0;0
2024;127;0;2;0;0
2024;128;3;3;0;0
2024;129;0;5;0;0
2024;130;6;9;0;0
2024;131;8;3;0;0
2024;132;9;5;0;0
2024;133;9;8;0;0
2024;134;16;8;0;0
2024;135;8;13;0;0
2024;136;15;3;0;0
2024;137;12;11;0;0
2024;138;9;6;0;0
2024;139;6;10;0;0
2024;140;10;7;0;0
2024;141;21;10;1;0
2024;142;13;9;0;0
2024;143;19;5;1;0
2024;144;19;10;0;0
2024;145;20;17;1;0
2024;146;10;7;1;0
2024;147;11;3;0;0
2024;148;7;8;1;0
2024;149;5;2;2;0
2024;150;3;9;1;0
2024;151;3;4;2;0
2024;152;2;4;0;0
2024;153;2;6;0;0
2024;154;1;3;2;0
2024;155;0;3;0;0
2024;156;0;2;2;0
2024;157;0;3;1;0
2024;158;0;1;2;0
2024;159;2;0;2;0
2024;160;0;1;2;0
2024;161;2;0;1;0
2024;162;0;1;2;0
2024;163;0;0;0;0
2024;164;0;0;1;0
2024;165;1;1;1;0
2024;166;0;1;2;0
2024;167;2;0;3;0
2024;168;0;0;0;0
2024;169;0;0;0;0
2024;170;0;0;1;0
2024;171;1;0;2;0
2024;172;0;0;0;0
2024;173;0;0;0;0
2024;174;0;0;1;0
2024;175;1;0;0;0
2024;176;0;0;1;0
2024;177;1;0;0;0
2024;178;0;0;0;0
2024;179;0;0;0;0
2024;180;0;0;0;0
2024;181;0;0;0;0
2024;182;0;0;0;0
2024;183;0;0;0;0
2024;184;0;0;0;0
2024;185;0;0;0;0
2024;186;0;0;0;0
2024;187;0;0;0;0
2024;188;0;0;0;0
2024;189;0;0;0;0
2024;190;0;0;0;0
2024;191;0;0;0;0
2024;192;0;0;0;0
2024;193;0;0;0;0
2024;194;0;0;0;0
2024;195;0;0;0;0
2024;196;0;0;0;0
2024;197;0;0;0;0
2024;198;0;0;0;0
2024;199;0;0;0;0
2024;200;0;0;0;0
2024;201;0;0;0;0
2024;202;0;0;0;0
2024;203;0;0;0;0
2024;204;0;0;0;0
2024;205;0;0;0;0
2025;92;0;0;0;0
2025;93;0;0;0;0
2025;94;0;0;0;0
2025;95;0;0;0;0
2025;96;0;0;0;0
2025;97;0;0;0;0
2025;98;0;0;0;0
2025;99;0;0;0;0
2025;100;0;0;0;0
2025;101;0;0;0;0
2025;102;0;0;0;0
2025;103;0;0;0;0
2025;104;0;0;0;0
2025;105;0;0;0;0
2025;106;0;0;0;0
2025;107;0;0;0;0
2025;108;0;0;0;0
2025;109;0;0;0;0
2025;110;0;0;0;0
2025;111;0;0;0;0
2025;112;1;0;0;0
2025;113;0;0;0;0
2025;114;0;0;0;0
2025;115;0;0;0;0
2025;116;0;0;0;0
2025;117;0;0;0;0
2025;118;0;0;0;0
2025;119;0;0;0;0
2025;120;1;0;0;0
2025;121;0;0;0;0
2025;122;0;0;0;0
2025;123;1;0;0;0
2025;124;0;0;0;0
2025;125;0;0;0;0
2025;126;0;0;0;0
2025;127;0;0;0;0
2025;128;0;0;0;0
2025;129;0;0;0;0
2025;130;0;0;0;0
2025;131;0;0;0;0
2025;132;1;0;0;0
2025;133;0;0;0;0
2025;134;0;0;0;0
2025;135;0;0;0;0
2025;136;0;0;0;0
2025;137;0;0;0;0
2025;138;0;0;0;0
2025;139;0;0;0;0
2025;140;0;0;0;0
2025;141;0;0;0;0
2025;142;0;0;0;0
2025;143;0;0;0;0
2025;144;0;0;0;0
2025;145;0;0;0;0
2025;146;0;0;0;0
2025;147;0;0;0;0
2025;148;0;0;0;0
2025;149;0;0;0;0
2025;150;0;0;0;0
2025;151;0;0;0;0
2025;152;1;0;0;0
2025;153;0;0;0;0
2025;154;0;0;0;0
2025;155;0;0;0;0
2025;156;0;0;0;0
2025;157;0;0;0;0
2025;158;0;0;0;0
2025;159;0;0;0;0
2025;160;0;0;0;0
2025;161;0;0;0;0
2025;162;1;0;0;0
2025;163;0;0;0;0
2025;164;0;0;0;0
2025;165;0;0;0;0
2025;166;0;0;0;0
2025;167;0;0;0;0
2025;168;0;0;0;0
2025;169;0;0;0;0
2025;170;0;0;0;0
2025;171;0;0;0;0
2025;172;0;0;0;0
2025;173;0;0;0;0
2025;174;0;0;0;0
2025;175;0;0;0;0
2025;176;0;0;0;0
2025;177;0;0;0;0
2025;178;0;0;0;0
2025;179;0;0;0;0
2025;180;0;0;0;0
2025;181;0;0;0;0
2025;182;0;0;0;0
2025;183;0;0;0;0
2025;184;0;0;0;0
2025;185;0;0;0;0
2025;186;0;0;0;0
2025;187;0;0;0;0
2025;188;0;0;0;0
2025;189;0;0;0;0
2025;190;0;0;0;0
2025;191;0;0;0;0
2025;192;0;0;0;0
2025;193;0;0;0;0
2025;194;0;0;0;0
2025;195;0;0;0;0
2025;196;0;0;0;0
2025;197;0;0;0;0
2025;198;0;0;0;0
2025;199;0;0;0;0
2025;200;0;0;0;0
2025;201;0;0;0;0
2025;202;0;0;0;0
2025;203;0;0;0;0
2025;204;0;0;0;0
2025;205;0;0;0;0
