"annee"	"cap_lf"	"age_riv"	"nb"
1985	144	"1"	1
1985	160	"2"	1
1986	107	"1"	1
1986	108	"1"	1
1986	109	"1"	1
1986	110	"1"	2
1986	111	"1"	1
1986	112	"1"	2
1986	113	"1"	4
1986	114	"1"	8
1986	115	"1"	1
1986	116	"1"	7
1986	117	"1"	3
1986	118	"1"	7
1986	119	"1"	17
1986	120	"1"	10
1986	121	"1"	6
1986	122	"1"	15
1986	123	"1"	13
1986	124	"1"	20
1986	125	"1"	14
1986	126	"1"	23
1986	127	"1"	23
1986	128	"1"	19
1986	129	"1"	28
1986	130	"1"	18
1986	131	"1"	25
1986	132	"1"	24
1986	133	"1"	25
1986	134	"1"	22
1986	135	"1"	18
1986	136	"1"	18
1986	137	"1"	19
1986	138	"1"	18
1986	139	"1"	10
1986	140	"1"	7
1986	141	"1"	12
1986	142	"1"	10
1986	143	"1"	10
1986	144	"1"	4
1986	145	"1"	5
1986	146	"1"	6
1986	147	"1"	2
1986	148	"1"	3
1986	149	"1"	2
1986	150	"1"	1
1986	151	"1"	3
1986	152	"1"	3
1986	154	"1"	2
1986	155	"1"	1
1986	158	"1"	1
1986	146	"2"	1
1986	148	"2"	2
1986	150	"2"	1
1986	158	"2"	1
1986	160	"2"	1
1986	163	"2"	2
1986	165	"2"	1
1986	166	"2"	1
1986	170	"2"	2
1986	173	"2"	1
1986	174	"2"	1
1986	175	"2"	1
1987	93	"1"	1
1987	100	"1"	1
1987	101	"1"	1
1987	102	"1"	1
1987	105	"1"	1
1987	109	"1"	2
1987	111	"1"	1
1987	114	"1"	2
1987	115	"1"	1
1987	116	"1"	4
1987	117	"1"	3
1987	118	"1"	2
1987	119	"1"	7
1987	120	"1"	2
1987	121	"1"	5
1987	122	"1"	5
1987	123	"1"	10
1987	124	"1"	9
1987	125	"1"	6
1987	126	"1"	6
1987	127	"1"	6
1987	128	"1"	7
1987	129	"1"	6
1987	130	"1"	1
1987	131	"1"	7
1987	132	"1"	5
1987	133	"1"	4
1987	134	"1"	3
1987	135	"1"	5
1987	136	"1"	2
1987	137	"1"	3
1987	138	"1"	2
1987	139	"1"	2
1987	140	"1"	3
1987	142	"1"	1
1987	143	"1"	1
1987	145	"1"	1
1987	146	"1"	2
1987	147	"1"	2
1987	148	"1"	1
1987	125	"2"	1
1987	133	"2"	2
1987	134	"2"	1
1987	135	"2"	1
1987	136	"2"	4
1987	138	"2"	2
1987	139	"2"	1
1987	140	"2"	3
1987	141	"2"	1
1987	142	"2"	2
1987	143	"2"	1
1987	144	"2"	2
1987	145	"2"	5
1987	146	"2"	6
1987	147	"2"	3
1987	148	"2"	6
1987	149	"2"	5
1987	150	"2"	5
1987	151	"2"	6
1987	152	"2"	7
1987	153	"2"	8
1987	154	"2"	2
1987	155	"2"	6
1987	156	"2"	9
1987	157	"2"	2
1987	159	"2"	4
1987	160	"2"	2
1987	161	"2"	1
1987	162	"2"	7
1987	163	"2"	1
1987	164	"2"	1
1987	165	"2"	4
1987	166	"2"	3
1987	167	"2"	1
1987	168	"2"	4
1987	169	"2"	3
1987	171	"2"	1
1987	173	"2"	1
1987	177	"2"	1
1987	178	"2"	1
1987	179	"2"	1
1987	181	"2"	1
1987	205	"2"	1
1987	145		2
1987	148		1
1987	151		1
1987	152		1
1987	156		1
1987	163		2
1988	103	"1"	1
1988	105	"1"	1
1988	106	"1"	1
1988	108	"1"	2
1988	109	"1"	1
1988	110	"1"	2
1988	112	"1"	1
1988	113	"1"	3
1988	114	"1"	5
1988	115	"1"	2
1988	116	"1"	2
1988	117	"1"	2
1988	118	"1"	6
1988	119	"1"	6
1988	120	"1"	2
1988	121	"1"	10
1988	122	"1"	11
1988	123	"1"	9
1988	124	"1"	11
1988	125	"1"	10
1988	126	"1"	10
1988	127	"1"	8
1988	128	"1"	14
1988	129	"1"	9
1988	130	"1"	3
1988	131	"1"	11
1988	132	"1"	19
1988	133	"1"	18
1988	134	"1"	7
1988	135	"1"	11
1988	136	"1"	11
1988	137	"1"	6
1988	138	"1"	10
1988	139	"1"	6
1988	140	"1"	6
1988	141	"1"	4
1988	142	"1"	4
1988	143	"1"	3
1988	144	"1"	6
1988	145	"1"	4
1988	146	"1"	4
1988	148	"1"	2
1988	149	"1"	3
1988	150	"1"	1
1988	154	"1"	1
1988	158	"1"	1
1988	163	"1"	1
1988	166	"1"	1
1988	167	"1"	2
1988	169	"1"	1
1988	134	"2"	1
1988	141	"2"	1
1988	142	"2"	1
1988	148	"2"	1
1988	150	"2"	1
1988	151	"2"	1
1988	153	"2"	2
1988	154	"2"	1
1988	156	"2"	2
1988	158	"2"	1
1988	160	"2"	1
1988	163	"2"	1
1988	164	"2"	2
1988	169	"2"	1
1988	173	"2"	1
1988	174	"2"	1
1988	176	"2"	1
1988	179	"2"	1
1988	180	"2"	1
1989	112	"1"	1
1989	113	"1"	1
1989	114	"1"	2
1989	115	"1"	1
1989	117	"1"	1
1989	118	"1"	1
1989	119	"1"	2
1989	120	"1"	1
1989	121	"1"	5
1989	122	"1"	6
1989	123	"1"	7
1989	124	"1"	6
1989	125	"1"	6
1989	126	"1"	11
1989	127	"1"	12
1989	128	"1"	12
1989	129	"1"	16
1989	130	"1"	17
1989	131	"1"	16
1989	132	"1"	24
1989	133	"1"	24
1989	134	"1"	23
1989	135	"1"	25
1989	136	"1"	27
1989	137	"1"	20
1989	138	"1"	21
1989	139	"1"	23
1989	140	"1"	18
1989	141	"1"	21
1989	142	"1"	17
1989	143	"1"	15
1989	144	"1"	17
1989	145	"1"	22
1989	146	"1"	8
1989	147	"1"	11
1989	148	"1"	7
1989	149	"1"	5
1989	150	"1"	6
1989	151	"1"	6
1989	152	"1"	7
1989	153	"1"	4
1989	154	"1"	2
1989	156	"1"	2
1989	157	"1"	1
1989	158	"1"	1
1989	159	"1"	1
1989	171	"1"	1
1989	130	"2"	1
1989	136	"2"	1
1989	139	"2"	2
1989	141	"2"	4
1989	142	"2"	1
1989	143	"2"	1
1989	144	"2"	2
1989	145	"2"	4
1989	146	"2"	5
1989	147	"2"	3
1989	148	"2"	1
1989	149	"2"	2
1989	150	"2"	2
1989	151	"2"	3
1989	152	"2"	1
1989	153	"2"	1
1989	154	"2"	2
1989	155	"2"	3
1989	156	"2"	2
1989	157	"2"	2
1989	158	"2"	1
1989	159	"2"	2
1989	162	"2"	2
1989	163	"2"	1
1989	165	"2"	2
1989	166	"2"	2
1989	167	"2"	1
1989	171	"2"	1
1989	174	"2"	1
1989	179	"2"	1
1989	185	"2"	1
1990	95	"1"	1
1990	100	"1"	1
1990	104	"1"	2
1990	105	"1"	3
1990	107	"1"	1
1990	108	"1"	2
1990	109	"1"	2
1990	110	"1"	1
1990	111	"1"	3
1990	112	"1"	5
1990	113	"1"	3
1990	114	"1"	3
1990	115	"1"	4
1990	116	"1"	5
1990	117	"1"	6
1990	118	"1"	13
1990	119	"1"	10
1990	120	"1"	8
1990	121	"1"	17
1990	122	"1"	23
1990	123	"1"	20
1990	124	"1"	17
1990	125	"1"	33
1990	126	"1"	21
1990	127	"1"	29
1990	128	"1"	24
1990	129	"1"	26
1990	130	"1"	28
1990	131	"1"	26
1990	132	"1"	28
1990	133	"1"	36
1990	134	"1"	23
1990	135	"1"	35
1990	136	"1"	27
1990	137	"1"	18
1990	138	"1"	24
1990	139	"1"	29
1990	140	"1"	22
1990	141	"1"	19
1990	142	"1"	11
1990	143	"1"	19
1990	144	"1"	11
1990	145	"1"	14
1990	146	"1"	4
1990	147	"1"	7
1990	148	"1"	6
1990	149	"1"	6
1990	150	"1"	4
1990	151	"1"	5
1990	152	"1"	4
1990	153	"1"	2
1990	154	"1"	3
1990	155	"1"	2
1990	156	"1"	2
1990	157	"1"	1
1990		"1"	2
1990	124	"2"	1
1990	133	"2"	1
1990	134	"2"	1
1990	136	"2"	1
1990	138	"2"	1
1990	140	"2"	1
1990	142	"2"	1
1990	143	"2"	1
1990	144	"2"	2
1990	146	"2"	2
1990	147	"2"	2
1990	148	"2"	1
1990	149	"2"	1
1990	151	"2"	1
1990	154	"2"	2
1990	155	"2"	2
1990	156	"2"	2
1990	157	"2"	1
1990	158	"2"	1
1990	159	"2"	2
1990	160	"2"	1
1990	161	"2"	1
1990	162	"2"	1
1990	164	"2"	1
1990	165	"2"	2
1990	166	"2"	1
1990	171	"2"	1
1990	173	"2"	1
1990	174	"2"	1
1990	176	"2"	1
1990	178	"2"	1
1991	113	"1"	2
1991	115	"1"	1
1991	119	"1"	1
1991	120	"1"	1
1991	121	"1"	1
1991	122	"1"	2
1991	123	"1"	3
1991	124	"1"	1
1991	125	"1"	5
1991	128	"1"	3
1991	130	"1"	5
1991	131	"1"	5
1991	132	"1"	7
1991	133	"1"	7
1991	134	"1"	2
1991	135	"1"	7
1991	136	"1"	3
1991	137	"1"	1
1991	138	"1"	4
1991	140	"1"	2
1991	141	"1"	3
1991	142	"1"	3
1991	143	"1"	4
1991	144	"1"	2
1991	145	"1"	4
1991	146	"1"	1
1991	147	"1"	2
1991	148	"1"	4
1991	149	"1"	1
1991	150	"1"	3
1991	151	"1"	3
1991	152	"1"	3
1991	153	"1"	1
1991	155	"1"	1
1991	156	"1"	2
1991	137	"2"	1
1991	141	"2"	2
1991	148	"2"	1
1991	149	"2"	1
1991	151	"2"	1
1991	152	"2"	1
1991	154	"2"	1
1991	155	"2"	2
1991	156	"2"	1
1991	157	"2"	1
1991	158	"2"	1
1991	159	"2"	1
1991	160	"2"	1
1991	161	"2"	1
1991	162	"2"	3
1991	163	"2"	3
1991	164	"2"	5
1991	165	"2"	3
1991	166	"2"	3
1991	167	"2"	3
1991	168	"2"	2
1991	169	"2"	2
1991	172	"2"	1
1991	173	"2"	2
1991	175	"2"	1
1991	177	"2"	1
1991	180	"2"	2
1991	181	"2"	1
1991	185	"2"	1
1991	186	"2"	1
1992	98	"1"	1
1992	103	"1"	1
1992	112	"1"	1
1992	113	"1"	1
1992	115	"1"	3
1992	116	"1"	1
1992	117	"1"	3
1992	118	"1"	6
1992	119	"1"	1
1992	120	"1"	5
1992	122	"1"	2
1992	123	"1"	6
1992	124	"1"	6
1992	125	"1"	3
1992	126	"1"	3
1992	127	"1"	10
1992	128	"1"	10
1992	129	"1"	8
1992	130	"1"	8
1992	131	"1"	7
1992	132	"1"	14
1992	133	"1"	11
1992	134	"1"	3
1992	135	"1"	16
1992	136	"1"	7
1992	137	"1"	13
1992	138	"1"	8
1992	139	"1"	10
1992	140	"1"	2
1992	141	"1"	5
1992	142	"1"	9
1992	143	"1"	7
1992	144	"1"	3
1992	145	"1"	5
1992	146	"1"	4
1992	147	"1"	3
1992	148	"1"	2
1992	149	"1"	3
1992	150	"1"	1
1992	152	"1"	6
1992	153	"1"	1
1992	155	"1"	2
1992	158	"1"	1
1992	159	"1"	1
1992	165	"1"	1
1992	162	"2"	1
1992	180	"2"	1
1992	99		1
1992	101		1
1992	103		1
1992	109		1
1992	110		2
1992	111		2
1992	112		2
1992	113		5
1992	114		1
1992	115		5
1992	116		3
1992	117		5
1992	118		7
1992	119		3
1992	120		4
1992	121		8
1992	122		8
1992	123		8
1992	124		5
1992	125		8
1992	126		11
1992	127		12
1992	128		10
1992	129		7
1992	130		9
1992	131		11
1992	132		22
1992	133		8
1992	134		1
1992	135		9
1992	136		15
1992	137		9
1992	138		13
1992	139		12
1992	140		14
1992	141		9
1992	142		7
1992	143		15
1992	144		3
1992	145		8
1992	146		9
1992	147		11
1992	148		4
1992	149		2
1992	150		3
1992	151		3
1992	152		7
1992	153		3
1992	154		4
1992	155		2
1992	157		3
1992	158		1
1992	159		1
1992	160		1
1992	161		1
1992	163		2
1992	169		1
1992	171		1
1992	173		1
1992	177		1
1992	180		1
1992	181		1
1993	102	"1"	1
1993	107	"1"	1
1993	112	"1"	1
1993	117	"1"	1
1993	118	"1"	2
1993	121	"1"	3
1993	122	"1"	5
1993	123	"1"	2
1993	124	"1"	1
1993	125	"1"	3
1993	126	"1"	6
1993	127	"1"	3
1993	128	"1"	3
1993	129	"1"	5
1993	130	"1"	8
1993	131	"1"	6
1993	132	"1"	18
1993	133	"1"	7
1993	134	"1"	5
1993	135	"1"	5
1993	136	"1"	3
1993	137	"1"	5
1993	138	"1"	3
1993	139	"1"	3
1993	140	"1"	8
1993	141	"1"	4
1993	142	"1"	14
1993	143	"1"	2
1993	144	"1"	5
1993	145	"1"	8
1993	146	"1"	4
1993	147	"1"	7
1993	148	"1"	3
1993	149	"1"	3
1993	150	"1"	1
1993	151	"1"	3
1993	152	"1"	3
1993	153	"1"	2
1993	154	"1"	1
1993	155	"1"	1
1993	159	"1"	1
1993	131	"2"	1
1993	133	"2"	1
1993	142	"2"	2
1993	143	"2"	1
1993	146	"2"	1
1993	147	"2"	2
1993	153	"2"	3
1993	154	"2"	1
1993	155	"2"	1
1993	157	"2"	2
1993	158	"2"	3
1993	160	"2"	2
1993	161	"2"	3
1993	162	"2"	5
1993	163	"2"	1
1993	166	"2"	2
1993	167	"2"	2
1993	170	"2"	2
1993	173	"2"	2
1993	178	"2"	1
1994	96	"1"	1
1994	105	"1"	2
1994	110	"1"	2
1994	113	"1"	2
1994	115	"1"	4
1994	116	"1"	4
1994	117	"1"	4
1994	118	"1"	6
1994	119	"1"	1
1994	120	"1"	6
1994	121	"1"	3
1994	122	"1"	5
1994	123	"1"	8
1994	124	"1"	4
1994	125	"1"	14
1994	126	"1"	4
1994	127	"1"	15
1994	128	"1"	18
1994	129	"1"	10
1994	130	"1"	14
1994	131	"1"	10
1994	132	"1"	17
1994	133	"1"	10
1994	134	"1"	14
1994	135	"1"	11
1994	136	"1"	12
1994	137	"1"	11
1994	138	"1"	6
1994	139	"1"	12
1994	140	"1"	6
1994	141	"1"	6
1994	142	"1"	8
1994	143	"1"	8
1994	144	"1"	5
1994	145	"1"	8
1994	146	"1"	4
1994	147	"1"	3
1994	148	"1"	5
1994	149	"1"	6
1994	150	"1"	5
1994	151	"1"	2
1994	152	"1"	4
1994	153	"1"	2
1994	155	"1"	4
1994	156	"1"	2
1994	157	"1"	3
1994	158	"1"	2
1994	159	"1"	3
1994	161	"1"	1
1994	165	"1"	1
1994		"1"	2
1994	161	"2"	1
1994	164	"2"	1
1994	166	"2"	2
1994	167	"2"	1
1994	181	"2"	1
1994	140		1
1995	109	"1"	1
1995	114	"1"	1
1995	115	"1"	2
1995	116	"1"	1
1995	118	"1"	1
1995	120	"1"	2
1995	121	"1"	3
1995	122	"1"	3
1995	123	"1"	1
1995	124	"1"	3
1995	125	"1"	8
1995	126	"1"	1
1995	127	"1"	7
1995	128	"1"	5
1995	129	"1"	4
1995	130	"1"	7
1995	131	"1"	8
1995	132	"1"	14
1995	133	"1"	14
1995	134	"1"	10
1995	135	"1"	27
1995	136	"1"	23
1995	137	"1"	37
1995	138	"1"	24
1995	139	"1"	23
1995	140	"1"	20
1995	141	"1"	18
1995	142	"1"	24
1995	143	"1"	34
1995	144	"1"	20
1995	145	"1"	24
1995	146	"1"	16
1995	147	"1"	29
1995	148	"1"	13
1995	149	"1"	22
1995	150	"1"	13
1995	151	"1"	16
1995	152	"1"	20
1995	153	"1"	10
1995	154	"1"	4
1995	155	"1"	7
1995	156	"1"	3
1995	157	"1"	3
1995	158	"1"	4
1995	159	"1"	2
1995	160	"1"	2
1995	161	"1"	2
1995	162	"1"	3
1995	163	"1"	2
1995	164	"1"	1
1995	165	"1"	1
1995	168	"1"	1
1995	128	"2"	3
1995	132	"2"	1
1995	135	"2"	1
1995	136	"2"	1
1995	138	"2"	2
1995	139	"2"	1
1995	140	"2"	1
1995	142	"2"	2
1995	143	"2"	1
1995	145	"2"	2
1995	146	"2"	1
1995	147	"2"	2
1995	148	"2"	5
1995	149	"2"	3
1995	150	"2"	3
1995	151	"2"	2
1995	152	"2"	1
1995	153	"2"	6
1995	154	"2"	1
1995	155	"2"	2
1995	156	"2"	3
1995	157	"2"	4
1995	160	"2"	1
1995	161	"2"	1
1995	162	"2"	3
1995	163	"2"	1
1995	165	"2"	1
1995	167	"2"	2
1995	168	"2"	3
1995	171	"2"	1
1995	172	"2"	1
1995	173	"2"	3
1995	176	"2"	1
1995	183	"2"	2
1995	191	"2"	1
1995	125		1
1995	137		1
1995	142		1
1995	149		1
1995	150		1
1996	112	.	2
1996	113	.	1
1996	115	.	1
1996	118	.	2
1996	119	.	1
1996	120	.	2
1996	121	.	2
1996	122	.	3
1996	123	.	4
1996	124	.	1
1996	125	.	7
1996	126	.	5
1996	127	.	4
1996	128	.	3
1996	129	.	10
1996	130	.	2
1996	131	.	6
1996	132	.	10
1996	133	.	5
1996	134	.	5
1996	135	.	10
1996	136	.	7
1996	137	.	7
1996	138	.	3
1996	139	.	3
1996	140	.	3
1996	141	.	3
1996	142	.	4
1996	143	.	1
1996	145	.	1
1996	146	.	1
1996	151	.	1
1996	153	.	1
1996	115	"1"	1
1996	120	"1"	2
1996	121	"1"	2
1996	122	"1"	5
1996	123	"1"	4
1996	124	"1"	2
1996	125	"1"	6
1996	126	"1"	4
1996	127	"1"	7
1996	128	"1"	9
1996	129	"1"	6
1996	130	"1"	13
1996	131	"1"	10
1996	132	"1"	22
1996	133	"1"	22
1996	134	"1"	14
1996	135	"1"	20
1996	136	"1"	21
1996	137	"1"	20
1996	138	"1"	38
1996	139	"1"	23
1996	140	"1"	29
1996	141	"1"	27
1996	142	"1"	37
1996	143	"1"	32
1996	144	"1"	22
1996	145	"1"	29
1996	146	"1"	27
1996	147	"1"	21
1996	148	"1"	9
1996	149	"1"	9
1996	150	"1"	14
1996	151	"1"	10
1996	152	"1"	5
1996	153	"1"	10
1996	154	"1"	4
1996	155	"1"	4
1996	156	"1"	6
1996	157	"1"	4
1996	158	"1"	2
1996	159	"1"	1
1996	160	"1"	2
1996	161	"1"	1
1996	173	"1"	1
1996		"1"	1
1996	140	"2"	2
1996	142	"2"	1
1996	144	"2"	1
1996	145	"2"	2
1996	146	"2"	1
1996	147	"2"	2
1996	149	"2"	4
1996	150	"2"	1
1996	151	"2"	3
1996	152	"2"	4
1996	153	"2"	2
1996	155	"2"	2
1996	156	"2"	2
1996	157	"2"	1
1996	158	"2"	2
1996	159	"2"	4
1996	160	"2"	2
1996	161	"2"	5
1996	162	"2"	4
1996	163	"2"	2
1996	164	"2"	2
1996	165	"2"	1
1996	166	"2"	2
1996	167	"2"	2
1996	168	"2"	2
1996	169	"2"	3
1996	170	"2"	1
1996	171	"2"	2
1996	172	"2"	4
1996	173	"2"	2
1996	174	"2"	1
1996	176	"2"	2
1996	178	"2"	1
1996	182	"2"	2
1996	183	"2"	1
1996	184	"2"	2
1996	185	"2"	1
1996	189	"2"	1
1996	193	"2"	1
1996	157	"3"	1
1996	141		1
1996	145		1
1996	146		2
1997	108	"1"	1
1997	118	"1"	1
1997	120	"1"	3
1997	124	"1"	2
1997	125	"1"	9
1997	126	"1"	1
1997	127	"1"	2
1997	128	"1"	1
1997	129	"1"	4
1997	130	"1"	16
1997	131	"1"	7
1997	132	"1"	5
1997	133	"1"	4
1997	134	"1"	4
1997	135	"1"	30
1997	136	"1"	8
1997	137	"1"	1
1997	138	"1"	1
1997	139	"1"	7
1997	140	"1"	23
1997	141	"1"	1
1997	142	"1"	4
1997	143	"1"	6
1997	144	"1"	3
1997	145	"1"	15
1997	146	"1"	3
1997	147	"1"	2
1997	148	"1"	4
1997	149	"1"	2
1997	150	"1"	8
1997	152	"1"	1
1997	155	"1"	1
1997	156	"1"	1
1997	136	"2"	2
1997	140	"2"	1
1997	142	"2"	1
1997	143	"2"	1
1997	146	"2"	1
1997	147	"2"	1
1997	150	"2"	1
1997	152	"2"	1
1997	154	"2"	1
1997	156	"2"	1
1997	160	"2"	3
1997	170	"2"	1
1997	174	"2"	1
1997	175	"2"	1
1997	185	"2"	1
1997	186	"2"	1
1997	135		1
1998	95	"1"	1
1998	102	"1"	1
1998	105	"1"	1
1998	106	"1"	1
1998	107	"1"	2
1998	108	"1"	2
1998	109	"1"	2
1998	110	"1"	3
1998	112	"1"	5
1998	113	"1"	5
1998	114	"1"	5
1998	115	"1"	10
1998	116	"1"	8
1998	117	"1"	5
1998	118	"1"	7
1998	119	"1"	12
1998	120	"1"	16
1998	121	"1"	16
1998	122	"1"	26
1998	123	"1"	14
1998	124	"1"	14
1998	125	"1"	21
1998	126	"1"	19
1998	127	"1"	18
1998	128	"1"	24
1998	129	"1"	17
1998	130	"1"	18
1998	131	"1"	16
1998	132	"1"	31
1998	133	"1"	8
1998	134	"1"	16
1998	135	"1"	25
1998	136	"1"	9
1998	137	"1"	14
1998	138	"1"	13
1998	139	"1"	7
1998	140	"1"	7
1998	141	"1"	6
1998	142	"1"	4
1998	143	"1"	2
1998	145	"1"	6
1998	146	"1"	4
1998	147	"1"	4
1998	148	"1"	1
1998	149	"1"	1
1998	152	"1"	1
1998	153	"1"	1
1998	155	"1"	1
1998	156	"1"	3
1998	170	"1"	1
1998	138	"2"	1
1998	141	"2"	1
1998	142	"2"	1
1998	143	"2"	2
1998	144	"2"	1
1998	147	"2"	2
1998	148	"2"	2
1998	149	"2"	2
1998	151	"2"	1
1998	152	"2"	2
1998	153	"2"	3
1998	154	"2"	1
1998	155	"2"	2
1998	156	"2"	1
1998	157	"2"	3
1998	158	"2"	4
1998	159	"2"	1
1998	160	"2"	3
1998	161	"2"	4
1998	162	"2"	4
1998	163	"2"	1
1998	164	"2"	1
1998	165	"2"	1
1998	167	"2"	1
1998	168	"2"	2
1998	169	"2"	1
1998	170	"2"	1
1998	171	"2"	1
1998	175	"2"	1
1998	179	"2"	1
1998	201	"2"	1
1999	117	"1"	1
1999	121	"1"	1
1999	125	"1"	1
1999	127	"1"	2
1999	128	"1"	2
1999	129	"1"	1
1999	130	"1"	2
1999	131	"1"	2
1999	132	"1"	2
1999	133	"1"	1
1999	135	"1"	1
1999	138	"1"	1
1999	139	"1"	1
1999	140	"1"	2
1999	141	"1"	2
1999	142	"1"	3
1999	145	"1"	6
1999	147	"1"	1
1999	148	"1"	1
1999	149	"1"	3
1999	150	"1"	3
1999	152	"1"	1
1999	155	"1"	1
1999	145	"2"	1
1999	147	"2"	1
1999	148	"2"	1
1999	149	"2"	2
1999	150	"2"	5
1999	151	"2"	5
1999	152	"2"	3
1999	153	"2"	2
1999	154	"2"	5
1999	155	"2"	5
1999	156	"2"	6
1999	157	"2"	3
1999	158	"2"	4
1999	159	"2"	7
1999	160	"2"	6
1999	161	"2"	6
1999	162	"2"	6
1999	163	"2"	2
1999	164	"2"	8
1999	165	"2"	11
1999	166	"2"	6
1999	167	"2"	3
1999	168	"2"	5
1999	169	"2"	8
1999	170	"2"	6
1999	171	"2"	5
1999	172	"2"	5
1999	173	"2"	1
1999	174	"2"	3
1999	175	"2"	3
1999	177	"2"	5
1999	178	"2"	3
1999	179	"2"	3
1999	180	"2"	1
1999	181	"2"	1
1999	182	"2"	3
1999	185	"2"	1
1999	187	"2"	2
1999	169		1
2000	139	.	1
2000	148	.	2
2000	161	.	1
2000	178	.	1
2000	103	"1"	1
2000	105	"1"	1
2000	107	"1"	3
2000	108	"1"	3
2000	109	"1"	1
2000	110	"1"	3
2000	111	"1"	1
2000	112	"1"	5
2000	113	"1"	4
2000	114	"1"	1
2000	115	"1"	12
2000	116	"1"	4
2000	117	"1"	11
2000	118	"1"	15
2000	119	"1"	12
2000	120	"1"	22
2000	121	"1"	18
2000	122	"1"	39
2000	123	"1"	40
2000	124	"1"	15
2000	125	"1"	45
2000	126	"1"	37
2000	127	"1"	89
2000	128	"1"	65
2000	129	"1"	35
2000	130	"1"	68
2000	131	"1"	70
2000	132	"1"	101
2000	133	"1"	76
2000	134	"1"	55
2000	135	"1"	104
2000	136	"1"	69
2000	137	"1"	107
2000	138	"1"	95
2000	139	"1"	48
2000	140	"1"	84
2000	141	"1"	49
2000	142	"1"	84
2000	143	"1"	57
2000	144	"1"	19
2000	145	"1"	46
2000	146	"1"	34
2000	147	"1"	33
2000	148	"1"	22
2000	149	"1"	10
2000	150	"1"	18
2000	151	"1"	13
2000	152	"1"	13
2000	153	"1"	8
2000	154	"1"	5
2000	155	"1"	7
2000	156	"1"	5
2000	157	"1"	5
2000	158	"1"	1
2000	159	"1"	2
2000	160	"1"	5
2000	161	"1"	1
2000	162	"1"	3
2000	163	"1"	1
2000	164	"1"	1
2000	165	"1"	1
2000	166	"1"	3
2000	169	"1"	2
2000	170	"1"	1
2000	171	"1"	1
2000		"1"	1
2000	163	"2"	2
2000	167	"2"	4
2000	169	"2"	1
2000	173	"2"	1
2000	178	"2"	3
2000	189	"2"	1
2000	184	"3"	1
2001	97	"1"	1
2001	98	"1"	1
2001	106	"1"	3
2001	107	"1"	2
2001	109	"1"	2
2001	110	"1"	2
2001	111	"1"	1
2001	112	"1"	1
2001	113	"1"	1
2001	114	"1"	1
2001	115	"1"	4
2001	116	"1"	2
2001	117	"1"	7
2001	118	"1"	6
2001	119	"1"	7
2001	120	"1"	11
2001	121	"1"	19
2001	122	"1"	22
2001	123	"1"	21
2001	124	"1"	8
2001	125	"1"	16
2001	126	"1"	11
2001	127	"1"	30
2001	128	"1"	26
2001	129	"1"	16
2001	130	"1"	26
2001	131	"1"	22
2001	132	"1"	36
2001	133	"1"	35
2001	134	"1"	15
2001	135	"1"	25
2001	136	"1"	21
2001	137	"1"	22
2001	138	"1"	23
2001	139	"1"	13
2001	140	"1"	24
2001	141	"1"	12
2001	142	"1"	26
2001	143	"1"	14
2001	144	"1"	5
2001	145	"1"	11
2001	146	"1"	4
2001	147	"1"	8
2001	148	"1"	7
2001	150	"1"	9
2001	151	"1"	7
2001	152	"1"	8
2001	153	"1"	4
2001	154	"1"	2
2001	155	"1"	6
2001	156	"1"	4
2001	157	"1"	4
2001	158	"1"	1
2001	159	"1"	2
2001	160	"1"	1
2001	162	"1"	2
2001	164	"1"	1
2001	168	"1"	1
2001	173	"1"	1
2001	177	"1"	1
2001	183	"1"	1
2001	130	"2"	1
2001	139	"2"	1
2001	140	"2"	3
2001	143	"2"	1
2001	144	"2"	3
2001	145	"2"	2
2001	150	"2"	1
2001	152	"2"	1
2001	154	"2"	1
2001	155	"2"	2
2001	156	"2"	2
2001	157	"2"	3
2001	159	"2"	3
2001	160	"2"	2
2001	161	"2"	3
2001	162	"2"	4
2001	163	"2"	2
2001	164	"2"	1
2001	165	"2"	2
2001	167	"2"	1
2001	168	"2"	2
2001	169	"2"	1
2001	172	"2"	2
2001	174	"2"	2
2001	175	"2"	1
2001	179	"2"	1
2001	181	"2"	1
2001	182	"2"	1
2001	190	"2"	1
2002	149	.	1
2002	96	"1"	1
2002	102	"1"	3
2002	103	"1"	2
2002	104	"1"	2
2002	106	"1"	3
2002	107	"1"	5
2002	108	"1"	1
2002	110	"1"	7
2002	111	"1"	8
2002	112	"1"	23
2002	113	"1"	21
2002	114	"1"	11
2002	115	"1"	13
2002	116	"1"	17
2002	117	"1"	28
2002	118	"1"	41
2002	119	"1"	25
2002	120	"1"	53
2002	121	"1"	47
2002	122	"1"	74
2002	123	"1"	73
2002	124	"1"	41
2002	125	"1"	64
2002	126	"1"	61
2002	127	"1"	102
2002	128	"1"	90
2002	129	"1"	56
2002	130	"1"	1
2002	131	"1"	1
2002	132	"1"	2
2002	133	"1"	1
2002	134	"1"	1
2002	135	"1"	2
2002	136	"1"	3
2002	137	"1"	3
2002	138	"1"	2
2002	139	"1"	2
2002	140	"1"	4
2002	141	"1"	4
2002	142	"1"	5
2002	143	"1"	5
2002	144	"1"	2
2002	145	"1"	3
2002	146	"1"	6
2002	147	"1"	3
2002	148	"1"	1
2002	149	"1"	4
2002	150	"1"	7
2002	151	"1"	1
2002	152	"1"	5
2002	153	"1"	4
2002	155	"1"	1
2002	156	"1"	2
2002	157	"1"	1
2002	166	"1"	1
2002	182	"1"	1
2002	128	"2"	1
2002	129	"2"	1
2002	136	"2"	1
2002	137	"2"	2
2002	139	"2"	1
2002	140	"2"	1
2002	141	"2"	1
2002	142	"2"	1
2002	143	"2"	2
2002	144	"2"	1
2002	145	"2"	3
2002	146	"2"	3
2002	147	"2"	6
2002	148	"2"	5
2002	149	"2"	4
2002	150	"2"	8
2002	151	"2"	3
2002	152	"2"	5
2002	153	"2"	11
2002	154	"2"	2
2002	155	"2"	5
2002	156	"2"	5
2002	157	"2"	13
2002	158	"2"	5
2002	159	"2"	2
2002	160	"2"	5
2002	161	"2"	3
2002	162	"2"	7
2002	163	"2"	4
2002	164	"2"	5
2002	165	"2"	6
2002	166	"2"	3
2002	167	"2"	5
2002	170	"2"	1
2002	171	"2"	2
2002	173	"2"	1
2002	175	"2"	1
2002	178	"2"	2
2002	183	"2"	1
2002	187	"2"	1
2002	187	"3"	1
2002	130		73
2002	131		79
2002	132		86
2002	133		77
2002	134		50
2002	135		52
2002	136		38
2002	137		74
2002	138		41
2002	139		39
2002	140		37
2002	141		19
2002	142		41
2002	143		14
2002	144		7
2002	145		16
2002	146		6
2002	147		5
2002	148		5
2002	149		2
2002	150		3
2002	151		1
2002	152		2
2003	130	.	1
2003	158	.	1
2003	160	.	1
2003	161	.	1
2003	163	.	1
2003	165	.	1
2003	167	.	1
2003	115	"1"	1
2003	118	"1"	6
2003	119	"1"	1
2003	120	"1"	1
2003	121	"1"	2
2003	122	"1"	8
2003	123	"1"	6
2003	124	"1"	5
2003	125	"1"	7
2003	126	"1"	10
2003	127	"1"	11
2003	128	"1"	10
2003	129	"1"	14
2003	130	"1"	24
2003	131	"1"	21
2003	132	"1"	27
2003	133	"1"	19
2003	134	"1"	19
2003	135	"1"	35
2003	136	"1"	24
2003	137	"1"	28
2003	138	"1"	25
2003	139	"1"	20
2003	140	"1"	13
2003	141	"1"	10
2003	142	"1"	13
2003	143	"1"	14
2003	144	"1"	7
2003	145	"1"	16
2003	146	"1"	9
2003	147	"1"	6
2003	148	"1"	4
2003	149	"1"	4
2003	150	"1"	7
2003	151	"1"	2
2003	152	"1"	2
2003	153	"1"	1
2003	154	"1"	2
2003	155	"1"	3
2003	156	"1"	2
2003	157	"1"	1
2003	164	"1"	1
2003	128	"2"	1
2003	131	"2"	2
2003	133	"2"	1
2003	135	"2"	2
2003	137	"2"	1
2003	138	"2"	2
2003	140	"2"	5
2003	142	"2"	3
2003	143	"2"	3
2003	144	"2"	2
2003	145	"2"	10
2003	146	"2"	5
2003	147	"2"	7
2003	148	"2"	9
2003	149	"2"	7
2003	150	"2"	10
2003	151	"2"	11
2003	152	"2"	12
2003	153	"2"	12
2003	154	"2"	7
2003	155	"2"	13
2003	156	"2"	6
2003	157	"2"	28
2003	158	"2"	14
2003	159	"2"	9
2003	160	"2"	10
2003	161	"2"	11
2003	162	"2"	11
2003	163	"2"	8
2003	164	"2"	5
2003	165	"2"	9
2003	166	"2"	6
2003	167	"2"	12
2003	168	"2"	7
2003	169	"2"	3
2003	170	"2"	5
2003	171	"2"	4
2003	172	"2"	11
2003	173	"2"	2
2003	175	"2"	3
2003	176	"2"	2
2003	177	"2"	1
2003	178	"2"	3
2003	179	"2"	2
2003	180	"2"	3
2003	181	"2"	1
2003	183	"2"	1
2003	185	"2"	1
2003	192	"2"	1
2003	203	"2"	1
2003	140		7
2003	141		4
2003	142		10
2003	143		13
2003	144		1
2003	145		4
2003	147		3
2003	148		2
2003	149		1
2003	150		3
2003	151		2
2003	152		3
2003	153		3
2003	155		2
2003	156		1
2003	157		2
2003	158		1
2003	159		1
2003	160		3
2003	161		2
2003	162		1
2003	163		1
2003	165		1
2003	166		2
2003	167		3
2003	168		2
2003	169		2
2003	170		1
2003	172		1
2003			1
2004	105	"1"	1
2004	108	"1"	1
2004	110	"1"	2
2004	112	"1"	3
2004	113	"1"	3
2004	114	"1"	3
2004	115	"1"	3
2004	116	"1"	6
2004	117	"1"	1
2004	118	"1"	7
2004	119	"1"	2
2004	120	"1"	4
2004	121	"1"	7
2004	122	"1"	10
2004	123	"1"	12
2004	124	"1"	4
2004	125	"1"	12
2004	126	"1"	7
2004	127	"1"	10
2004	128	"1"	13
2004	129	"1"	6
2004	130	"1"	5
2004	131	"1"	4
2004	132	"1"	14
2004	133	"1"	13
2004	134	"1"	7
2004	135	"1"	8
2004	136	"1"	8
2004	137	"1"	11
2004	138	"1"	11
2004	139	"1"	3
2004	140	"1"	8
2004	141	"1"	2
2004	142	"1"	9
2004	143	"1"	5
2004	144	"1"	4
2004	145	"1"	1
2004	146	"1"	2
2004	147	"1"	4
2004	148	"1"	2
2004	149	"1"	1
2004	151	"1"	2
2004	152	"1"	1
2004	157	"1"	1
2004	127	"2"	1
2004	133	"2"	1
2004	136	"2"	1
2004	138	"2"	3
2004	139	"2"	1
2004	141	"2"	2
2004	142	"2"	2
2004	143	"2"	4
2004	144	"2"	4
2004	146	"2"	1
2004	147	"2"	3
2004	148	"2"	1
2004	149	"2"	2
2004	150	"2"	1
2004	151	"2"	2
2004	152	"2"	3
2004	153	"2"	7
2004	154	"2"	3
2004	155	"2"	1
2004	156	"2"	3
2004	157	"2"	4
2004	158	"2"	3
2004	159	"2"	1
2004	160	"2"	2
2004	162	"2"	3
2004	163	"2"	1
2004	164	"2"	2
2004	166	"2"	1
2004	96		1
2004	97		1
2004	98		1
2004	100		1
2004	102		1
2004	103		2
2004	104		1
2004	105		4
2004	107		4
2004	108		5
2004	109		4
2004	110		4
2004	111		4
2004	112		11
2004	113		17
2004	114		9
2004	115		18
2004	116		13
2004	117		12
2004	118		33
2004	119		14
2004	120		29
2004	121		13
2004	122		27
2004	123		46
2004	124		11
2004	125		28
2004	126		13
2004	127		37
2004	128		31
2004	129		13
2004	130		27
2004	131		15
2004	132		33
2004	133		19
2004	134		5
2004	135		7
2004	136		9
2004	137		2
2004	138		6
2004	140		2
2004	142		1
2004	143		2
2004	147		1
2004	148		2
2004	152		1
2004	155		1
2004	164		1
2005	115	"1"	1
2005	117	"1"	1
2005	120	"1"	2
2005	123	"1"	1
2005	126	"1"	3
2005	127	"1"	2
2005	128	"1"	2
2005	129	"1"	1
2005	130	"1"	1
2005	131	"1"	1
2005	132	"1"	10
2005	133	"1"	4
2005	134	"1"	2
2005	135	"1"	5
2005	136	"1"	1
2005	137	"1"	4
2005	138	"1"	10
2005	139	"1"	4
2005	140	"1"	5
2005	141	"1"	8
2005	142	"1"	6
2005	143	"1"	6
2005	145	"1"	3
2005	146	"1"	2
2005	147	"1"	4
2005	148	"1"	3
2005	150	"1"	1
2005	152	"1"	2
2005	153	"1"	1
2005	157	"1"	1
2005	158	"1"	1
2005	121	"2"	1
2005	127	"2"	1
2005	132	"2"	1
2005	133	"2"	1
2005	135	"2"	1
2005	137	"2"	2
2005	138	"2"	3
2005	139	"2"	1
2005	140	"2"	3
2005	141	"2"	2
2005	142	"2"	8
2005	143	"2"	5
2005	144	"2"	3
2005	145	"2"	5
2005	146	"2"	1
2005	147	"2"	6
2005	148	"2"	3
2005	149	"2"	3
2005	150	"2"	5
2005	151	"2"	4
2005	152	"2"	4
2005	153	"2"	9
2005	154	"2"	7
2005	155	"2"	5
2005	156	"2"	3
2005	157	"2"	10
2005	159	"2"	3
2005	160	"2"	9
2005	161	"2"	4
2005	162	"2"	5
2005	163	"2"	12
2005	164	"2"	2
2005	165	"2"	3
2005	166	"2"	3
2005	167	"2"	3
2005	168	"2"	1
2005	170	"2"	1
2005	171	"2"	2
2005	172	"2"	4
2005	173	"2"	3
2005	174	"2"	1
2005	175	"2"	1
2005	177	"2"	1
2005	178	"2"	2
2005	180	"2"	1
2005	190	"2"	1
2005	106		1
2005	107		2
2005	109		1
2005	110		3
2005	111		1
2005	112		2
2005	113		4
2005	114		3
2005	115		15
2005	116		4
2005	117		9
2005	118		4
2005	119		7
2005	120		15
2005	121		7
2005	122		18
2005	123		20
2005	124		8
2005	125		12
2005	126		9
2005	127		22
2005	128		18
2005	129		5
2005	130		23
2005	131		15
2005	132		23
2005	133		6
2005	134		8
2005	135		17
2005	136		12
2005	137		11
2005	138		4
2005	139		4
2005	140		2
2005	141		6
2005	142		8
2005	143		5
2005	144		5
2005	145		5
2005	146		2
2005	147		7
2005	148		3
2005	149		3
2005	150		3
2005	151		2
2005	152		1
2005	153		5
2005	154		3
2005	155		3
2005	156		1
2005	157		4
2005	158		3
2005	159		2
2005	160		2
2005	161		1
2005	162		2
2005	163		3
2005	164		1
2005	168		3
2005			1
2006	106	"1"	1
2006	108	"1"	1
2006	109	"1"	2
2006	110	"1"	1
2006	111	"1"	1
2006	112	"1"	2
2006	113	"1"	2
2006	114	"1"	2
2006	115	"1"	2
2006	116	"1"	2
2006	117	"1"	1
2006	118	"1"	3
2006	119	"1"	3
2006	120	"1"	6
2006	121	"1"	5
2006	122	"1"	4
2006	123	"1"	5
2006	124	"1"	2
2006	125	"1"	7
2006	126	"1"	3
2006	127	"1"	4
2006	128	"1"	6
2006	129	"1"	6
2006	130	"1"	10
2006	131	"1"	10
2006	132	"1"	14
2006	133	"1"	11
2006	134	"1"	9
2006	135	"1"	10
2006	136	"1"	7
2006	137	"1"	8
2006	138	"1"	10
2006	139	"1"	3
2006	140	"1"	11
2006	141	"1"	9
2006	142	"1"	12
2006	143	"1"	3
2006	144	"1"	5
2006	145	"1"	6
2006	146	"1"	4
2006	147	"1"	1
2006	148	"1"	3
2006	149	"1"	2
2006	150	"1"	8
2006	151	"1"	2
2006	152	"1"	5
2006	153	"1"	3
2006	154	"1"	1
2006	155	"1"	2
2006	157	"1"	1
2006	158	"1"	1
2006	160	"1"	1
2006	162	"1"	1
2006	132	"2"	1
2006	138	"2"	1
2006	141	"2"	1
2006	152	"2"	1
2006	155	"2"	1
2006	158	"2"	2
2006	161	"2"	1
2006	163	"2"	1
2006	172	"2"	1
2006	173	"2"	1
2006	97		2
2006	98		1
2006	102		2
2006	103		3
2006	105		2
2006	107		3
2006	108		2
2006	109		4
2006	110		5
2006	111		6
2006	112		5
2006	113		6
2006	114		3
2006	115		8
2006	116		8
2006	117		17
2006	118		24
2006	119		14
2006	120		32
2006	121		20
2006	122		17
2006	123		26
2006	124		20
2006	125		29
2006	126		24
2006	127		29
2006	128		33
2006	129		21
2006	130		49
2006	131		26
2006	132		22
2006	133		20
2006	134		8
2006	135		22
2006	136		11
2006	137		19
2006	138		23
2006	139		5
2006	140		17
2006	141		3
2006	142		4
2006	143		3
2006	145		7
2006	146		3
2006	147		2
2006	148		4
2006	149		1
2006	150		5
2006	151		1
2006	153		1
2006	157		1
2007	104	"1"	1
2007	108	"1"	1
2007	110	"1"	1
2007	111	"1"	3
2007	112	"1"	2
2007	113	"1"	3
2007	115	"1"	5
2007	116	"1"	1
2007	117	"1"	2
2007	118	"1"	3
2007	119	"1"	6
2007	120	"1"	6
2007	121	"1"	3
2007	122	"1"	6
2007	123	"1"	8
2007	124	"1"	3
2007	125	"1"	6
2007	126	"1"	1
2007	127	"1"	4
2007	128	"1"	8
2007	129	"1"	5
2007	130	"1"	8
2007	131	"1"	7
2007	132	"1"	2
2007	133	"1"	4
2007	134	"1"	5
2007	135	"1"	8
2007	136	"1"	5
2007	137	"1"	2
2007	138	"1"	6
2007	139	"1"	2
2007	140	"1"	6
2007	141	"1"	6
2007	142	"1"	4
2007	143	"1"	3
2007	145	"1"	2
2007	146	"1"	3
2007	147	"1"	3
2007	148	"1"	4
2007	149	"1"	4
2007	150	"1"	3
2007	151	"1"	3
2007	153	"1"	4
2007	154	"1"	1
2007	155	"1"	1
2007	156	"1"	1
2007	158	"1"	1
2007	170	"1"	1
2007	123	"2"	1
2007	130	"2"	1
2007	137	"2"	1
2007	138	"2"	1
2007	140	"2"	2
2007	141	"2"	4
2007	142	"2"	3
2007	143	"2"	1
2007	144	"2"	2
2007	145	"2"	2
2007	146	"2"	3
2007	148	"2"	5
2007	150	"2"	3
2007	151	"2"	4
2007	152	"2"	2
2007	153	"2"	2
2007	155	"2"	3
2007	156	"2"	1
2007	157	"2"	6
2007	158	"2"	2
2007	159	"2"	2
2007	161	"2"	2
2007	162	"2"	1
2007	163	"2"	1
2007	166	"2"	5
2007	168	"2"	2
2007	169	"2"	1
2007	170	"2"	2
2007	172	"2"	3
2007	173	"2"	1
2007	174	"2"	1
2007	175	"2"	2
2007	176	"2"	1
2007	178	"2"	2
2007	182	"2"	1
2007	108		1
2007	111		1
2007	113		1
2007	114		1
2007	116		1
2007	117		2
2007	118		3
2007	119		1
2007	120		10
2007	121		16
2007	122		13
2007	123		15
2007	124		6
2007	125		15
2007	126		12
2007	127		20
2007	128		32
2007	129		17
2007	130		23
2007	131		27
2007	132		27
2007	133		20
2007	134		15
2007	135		12
2007	136		16
2007	137		12
2007	138		23
2007	139		19
2007	140		16
2007	141		22
2007	142		16
2007	143		8
2007	144		8
2007	145		6
2007	146		2
2007	147		3
2007	148		4
2007	149		4
2007	150		7
2007	151		2
2007	152		4
2007	153		4
2007	154		1
2007	155		1
2007	160		1
2007	163		1
2008	96	"1"	1
2008	97	"1"	1
2008	100	"1"	2
2008	101	"1"	1
2008	102	"1"	2
2008	104	"1"	3
2008	105	"1"	2
2008	106	"1"	2
2008	107	"1"	3
2008	108	"1"	5
2008	109	"1"	3
2008	110	"1"	4
2008	111	"1"	18
2008	112	"1"	26
2008	113	"1"	11
2008	114	"1"	10
2008	115	"1"	24
2008	116	"1"	20
2008	117	"1"	15
2008	118	"1"	34
2008	119	"1"	22
2008	120	"1"	59
2008	121	"1"	66
2008	122	"1"	82
2008	123	"1"	51
2008	124	"1"	25
2008	125	"1"	61
2008	126	"1"	49
2008	127	"1"	42
2008	128	"1"	42
2008	129	"1"	38
2008	130	"1"	42
2008	131	"1"	62
2008	132	"1"	59
2008	133	"1"	22
2008	134	"1"	21
2008	135	"1"	40
2008	136	"1"	17
2008	137	"1"	19
2008	138	"1"	26
2008	139	"1"	16
2008	140	"1"	14
2008	141	"1"	22
2008	142	"1"	19
2008	143	"1"	5
2008	144	"1"	3
2008	145	"1"	6
2008	146	"1"	8
2008	147	"1"	5
2008	148	"1"	8
2008	149	"1"	1
2008	150	"1"	1
2008	151	"1"	3
2008	152	"1"	2
2008	157	"1"	1
2008	158	"1"	2
2008	160	"1"	1
2008		"1"	1
2008	130	"2"	9
2008	136	"2"	1
2008	138	"2"	2
2008	140	"2"	18
2008	142	"2"	1
2008	144	"2"	3
2008	145	"2"	13
2008	147	"2"	1
2008	150	"2"	2
2008	152	"2"	5
2008	153	"2"	2
2008	154	"2"	2
2008	155	"2"	2
2008	157	"2"	5
2008	160	"2"	5
2008	161	"2"	1
2008	162	"2"	3
2008	166	"2"	1
2008	168	"2"	1
2008	169	"2"	1
2008	177	"2"	2
2008	181	"2"	1
2008	110		1
2008	121		1
2008	122		1
2008	129		2
2008	130		1
2008	141		1
2008	143		1
2008	153		1
2008	154		1
2009	102	"1"	1
2009	104	"1"	1
2009	105	"1"	1
2009	106	"1"	1
2009	107	"1"	1
2009	108	"1"	2
2009	109	"1"	5
2009	110	"1"	3
2009	111	"1"	1
2009	112	"1"	7
2009	113	"1"	6
2009	114	"1"	3
2009	115	"1"	2
2009	116	"1"	2
2009	117	"1"	6
2009	118	"1"	4
2009	119	"1"	9
2009	120	"1"	2
2009	121	"1"	6
2009	122	"1"	11
2009	123	"1"	7
2009	124	"1"	6
2009	125	"1"	5
2009	126	"1"	7
2009	128	"1"	9
2009	129	"1"	5
2009	130	"1"	6
2009	131	"1"	4
2009	132	"1"	7
2009	133	"1"	3
2009	134	"1"	2
2009	135	"1"	6
2009	136	"1"	5
2009	137	"1"	3
2009	138	"1"	5
2009	139	"1"	3
2009	140	"1"	2
2009	141	"1"	10
2009	142	"1"	8
2009	143	"1"	2
2009	144	"1"	2
2009	145	"1"	2
2009	146	"1"	2
2009	147	"1"	1
2009	148	"1"	3
2009	149	"1"	3
2009	150	"1"	5
2009	151	"1"	2
2009	152	"1"	5
2009	154	"1"	1
2009	156	"1"	1
2009	158	"1"	1
2009	159	"1"	1
2009	161	"1"	1
2009	120	"2"	1
2009	123	"2"	1
2009	125	"2"	1
2009	127	"2"	1
2009	128	"2"	1
2009	130	"2"	1
2009	131	"2"	2
2009	134	"2"	2
2009	135	"2"	2
2009	138	"2"	2
2009	139	"2"	3
2009	140	"2"	2
2009	142	"2"	3
2009	145	"2"	5
2009	146	"2"	4
2009	147	"2"	2
2009	148	"2"	4
2009	149	"2"	1
2009	150	"2"	1
2009	151	"2"	5
2009	152	"2"	2
2009	153	"2"	4
2009	154	"2"	1
2009	155	"2"	5
2009	156	"2"	5
2009	157	"2"	6
2009	158	"2"	1
2009	159	"2"	1
2009	160	"2"	7
2009	161	"2"	5
2009	162	"2"	2
2009	163	"2"	3
2009	164	"2"	2
2009	165	"2"	5
2009	166	"2"	2
2009	167	"2"	3
2009	168	"2"	2
2009	169	"2"	3
2009	170	"2"	3
2009	171	"2"	2
2009	172	"2"	1
2009	173	"2"	1
2009	175	"2"	1
2009	178	"2"	2
2009	105		1
2009	106		1
2009	109		2
2009	110		2
2009	111		4
2009	112		4
2009	113		5
2009	114		3
2009	115		7
2009	116		8
2009	117		17
2009	118		23
2009	119		17
2009	120		34
2009	121		49
2009	122		63
2009	123		42
2009	124		46
2009	125		95
2009	126		67
2009	127		44
2009	128		64
2009	129		50
2009	130		73
2009	131		66
2009	132		78
2009	133		42
2009	134		44
2009	135		49
2009	136		32
2009	137		35
2009	138		54
2009	139		32
2009	140		40
2009	141		37
2009	142		36
2009	143		24
2009	144		18
2009	145		28
2009	146		26
2009	147		14
2009	148		28
2009	149		9
2009	150		14
2009	151		13
2009	152		13
2009	153		8
2009	154		5
2009	155		9
2009	156		6
2009	157		3
2009	158		7
2009	159		2
2009	160		4
2009	161		4
2009	162		3
2009	164		1
2009			1
2010	101	"1"	2
2010	109	"1"	1
2010	110	"1"	1
2010	111	"1"	1
2010	112	"1"	2
2010	114	"1"	1
2010	115	"1"	3
2010	116	"1"	3
2010	117	"1"	2
2010	118	"1"	6
2010	119	"1"	2
2010	120	"1"	6
2010	121	"1"	3
2010	122	"1"	2
2010	123	"1"	3
2010	124	"1"	4
2010	125	"1"	7
2010	126	"1"	5
2010	127	"1"	6
2010	128	"1"	2
2010	129	"1"	7
2010	130	"1"	5
2010	131	"1"	5
2010	132	"1"	5
2010	133	"1"	3
2010	134	"1"	2
2010	135	"1"	2
2010	136	"1"	1
2010	137	"1"	3
2010	138	"1"	4
2010	139	"1"	4
2010	140	"1"	1
2010	141	"1"	4
2010	142	"1"	4
2010	143	"1"	1
2010	144	"1"	2
2010	145	"1"	7
2010	146	"1"	1
2010	147	"1"	2
2010	148	"1"	1
2010	157	"1"	1
2010	116	"2"	1
2010	131	"2"	1
2010	132	"2"	1
2010	133	"2"	1
2010	138	"2"	1
2010	140	"2"	2
2010	141	"2"	1
2010	142	"2"	3
2010	144	"2"	2
2010	145	"2"	3
2010	147	"2"	3
2010	148	"2"	6
2010	149	"2"	2
2010	150	"2"	4
2010	151	"2"	4
2010	152	"2"	2
2010	153	"2"	3
2010	154	"2"	4
2010	155	"2"	3
2010	156	"2"	1
2010	157	"2"	3
2010	158	"2"	2
2010	161	"2"	4
2010	162	"2"	1
2010	163	"2"	2
2010	165	"2"	1
2010	167	"2"	1
2010	168	"2"	3
2010	169	"2"	1
2010	176	"2"	1
2010	103		1
2010	109		1
2010	115		1
2010	117		3
2010	118		3
2010	119		5
2010	120		10
2010	121		14
2010	122		19
2010	123		9
2010	124		13
2010	125		24
2010	126		16
2010	127		22
2010	128		42
2010	129		21
2010	130		26
2010	131		21
2010	132		18
2010	133		20
2010	134		15
2010	135		34
2010	136		15
2010	137		18
2010	138		16
2010	139		10
2010	140		15
2010	141		8
2010	142		10
2010	143		10
2010	144		7
2010	145		5
2010	146		5
2010	147		5
2010	148		5
2010	149		4
2010	150		2
2010	151		3
2010	152		1
2010	155		1
2010	157		3
2010	160		1
2010	162		1
2011	146	.	1
2011	92	"1"	1
2011	96	"1"	1
2011	98	"1"	1
2011	102	"1"	2
2011	103	"1"	1
2011	104	"1"	1
2011	105	"1"	1
2011	106	"1"	2
2011	107	"1"	1
2011	108	"1"	1
2011	109	"1"	3
2011	110	"1"	2
2011	111	"1"	4
2011	112	"1"	6
2011	113	"1"	3
2011	114	"1"	2
2011	115	"1"	5
2011	116	"1"	5
2011	117	"1"	6
2011	118	"1"	6
2011	119	"1"	5
2011	120	"1"	10
2011	121	"1"	4
2011	122	"1"	3
2011	123	"1"	13
2011	124	"1"	4
2011	125	"1"	3
2011	126	"1"	7
2011	127	"1"	8
2011	128	"1"	3
2011	129	"1"	10
2011	130	"1"	4
2011	131	"1"	9
2011	132	"1"	6
2011	133	"1"	2
2011	134	"1"	3
2011	135	"1"	5
2011	136	"1"	1
2011	137	"1"	7
2011	138	"1"	4
2011	139	"1"	1
2011	140	"1"	3
2011	141	"1"	6
2011	143	"1"	1
2011	150	"1"	1
2011	152	"1"	1
2011	155	"1"	1
2011	131	"2"	1
2011	132	"2"	2
2011	134	"2"	1
2011	136	"2"	2
2011	137	"2"	4
2011	138	"2"	2
2011	139	"2"	1
2011	141	"2"	4
2011	142	"2"	4
2011	143	"2"	4
2011	144	"2"	1
2011	145	"2"	5
2011	146	"2"	1
2011	147	"2"	1
2011	148	"2"	4
2011	149	"2"	2
2011	150	"2"	6
2011	151	"2"	4
2011	152	"2"	5
2011	153	"2"	3
2011	155	"2"	7
2011	156	"2"	1
2011	157	"2"	1
2011	158	"2"	2
2011	159	"2"	2
2011	160	"2"	1
2011	161	"2"	4
2011	162	"2"	2
2011	163	"2"	2
2011	164	"2"	2
2011	167	"2"	1
2011	168	"2"	1
2011	173	"2"	1
2011	181	"2"	1
2011	161	"3"	1
2011	100		1
2011	105		2
2011	106		4
2011	107		1
2011	109		3
2011	110		4
2011	111		6
2011	112		9
2011	113		7
2011	114		3
2011	115		18
2011	116		12
2011	117		18
2011	118		13
2011	119		11
2011	120		20
2011	121		38
2011	122		31
2011	123		34
2011	124		20
2011	125		23
2011	126		41
2011	127		36
2011	128		44
2011	129		27
2011	130		24
2011	131		28
2011	132		29
2011	133		23
2011	134		11
2011	135		6
2011	136		6
2011	137		17
2011	138		12
2011	139		7
2011	140		7
2011	141		6
2011	142		6
2011	143		3
2011	144		1
2011	145		10
2011	146		4
2011	147		9
2011	148		8
2011	149		4
2011	150		8
2011	151		11
2011	152		11
2011	153		9
2011	154		2
2011	155		1
2011	157		3
2011	159		1
2011	160		1
2011	161		3
2012	106	"1"	1
2012	107	"1"	3
2012	108	"1"	2
2012	109	"1"	3
2012	111	"1"	3
2012	112	"1"	5
2012	113	"1"	5
2012	115	"1"	8
2012	116	"1"	1
2012	117	"1"	5
2012	118	"1"	5
2012	119	"1"	7
2012	120	"1"	2
2012	121	"1"	9
2012	122	"1"	7
2012	123	"1"	3
2012	124	"1"	4
2012	125	"1"	6
2012	126	"1"	5
2012	127	"1"	8
2012	128	"1"	7
2012	130	"1"	6
2012	131	"1"	1
2012	132	"1"	2
2012	133	"1"	4
2012	134	"1"	3
2012	135	"1"	5
2012	136	"1"	2
2012	137	"1"	1
2012	138	"1"	6
2012	139	"1"	3
2012	140	"1"	4
2012	141	"1"	4
2012	143	"1"	2
2012	144	"1"	1
2012	146	"1"	3
2012	150	"1"	1
2012	153	"1"	4
2012	157	"1"	1
2012	160	"1"	1
2012	164	"1"	1
2012	119	"2"	1
2012	120	"2"	1
2012	123	"2"	1
2012	124	"2"	1
2012	125	"2"	1
2012	127	"2"	2
2012	130	"2"	6
2012	131	"2"	3
2012	132	"2"	1
2012	134	"2"	1
2012	135	"2"	3
2012	137	"2"	2
2012	138	"2"	1
2012	139	"2"	2
2012	140	"2"	2
2012	141	"2"	7
2012	142	"2"	5
2012	143	"2"	2
2012	144	"2"	2
2012	145	"2"	4
2012	146	"2"	1
2012	147	"2"	1
2012	148	"2"	6
2012	149	"2"	6
2012	150	"2"	7
2012	151	"2"	8
2012	152	"2"	5
2012	153	"2"	3
2012	154	"2"	3
2012	155	"2"	4
2012	157	"2"	4
2012	158	"2"	4
2012	159	"2"	2
2012	160	"2"	2
2012	161	"2"	4
2012	162	"2"	2
2012	164	"2"	1
2012	165	"2"	1
2012	166	"2"	2
2012	170	"2"	1
2012	171	"2"	1
2012	173	"2"	1
2012	102		1
2012	103		1
2012	105		1
2012	110		5
2012	112		4
2012	113		1
2012	115		2
2012	116		5
2012	117		9
2012	118		7
2012	119		3
2012	120		17
2012	121		27
2012	122		26
2012	123		16
2012	124		9
2012	125		30
2012	126		13
2012	127		35
2012	128		35
2012	129		19
2012	130		52
2012	131		40
2012	132		33
2012	133		24
2012	134		13
2012	135		31
2012	136		18
2012	137		25
2012	138		20
2012	139		18
2012	140		29
2012	141		17
2012	142		14
2012	143		6
2012	144		6
2012	145		12
2012	146		5
2012	147		8
2012	148		8
2012	149		7
2012	150		10
2012	151		8
2012	152		3
2012	153		4
2012	154		4
2012	155		5
2012	156		1
2012	157		2
2012	158		4
2012	161		1
2012	162		1
2012	169		1
2012	170		1
2013	102	"1"	1
2013	103	"1"	1
2013	105	"1"	1
2013	106	"1"	1
2013	108	"1"	1
2013	110	"1"	5
2013	111	"1"	2
2013	112	"1"	1
2013	113	"1"	7
2013	114	"1"	3
2013	115	"1"	4
2013	116	"1"	1
2013	117	"1"	6
2013	118	"1"	10
2013	119	"1"	4
2013	120	"1"	6
2013	121	"1"	7
2013	122	"1"	8
2013	123	"1"	14
2013	124	"1"	7
2013	125	"1"	9
2013	126	"1"	4
2013	127	"1"	9
2013	128	"1"	8
2013	129	"1"	9
2013	130	"1"	4
2013	131	"1"	6
2013	132	"1"	14
2013	133	"1"	2
2013	134	"1"	5
2013	135	"1"	4
2013	136	"1"	5
2013	137	"1"	8
2013	138	"1"	4
2013	139	"1"	3
2013	140	"1"	4
2013	141	"1"	4
2013	142	"1"	3
2013	143	"1"	1
2013	144	"1"	3
2013	145	"1"	4
2013	146	"1"	2
2013	147	"1"	1
2013	148	"1"	2
2013	149	"1"	1
2013	150	"1"	2
2013	155	"1"	1
2013	156	"1"	2
2013		"1"	2
2013	127	"2"	1
2013	129	"2"	1
2013	131	"2"	2
2013	132	"2"	1
2013	133	"2"	1
2013	134	"2"	3
2013	135	"2"	1
2013	136	"2"	1
2013	137	"2"	2
2013	138	"2"	1
2013	139	"2"	2
2013	141	"2"	4
2013	142	"2"	4
2013	143	"2"	1
2013	144	"2"	2
2013	145	"2"	1
2013	146	"2"	4
2013	147	"2"	1
2013	148	"2"	3
2013	149	"2"	1
2013	150	"2"	3
2013	151	"2"	2
2013	152	"2"	2
2013	153	"2"	4
2013	155	"2"	2
2013	157	"2"	4
2013	158	"2"	1
2013	159	"2"	1
2013	160	"2"	4
2013	161	"2"	2
2013	162	"2"	1
2013	163	"2"	1
2013	164	"2"	2
2013	165	"2"	1
2013	167	"2"	1
2013	168	"2"	1
2013	172	"2"	1
2013	173	"2"	1
2013	185	"2"	1
2013	109		2
2013	110		1
2013	111		1
2013	112		5
2013	113		9
2013	114		3
2013	115		5
2013	116		5
2013	117		5
2013	118		3
2013	119		4
2013	120		7
2013	121		9
2013	122		16
2013	123		13
2013	124		7
2013	125		17
2013	126		6
2013	127		21
2013	128		22
2013	129		8
2013	130		16
2013	131		6
2013	132		13
2013	133		6
2013	134		10
2013	135		9
2013	136		7
2013	137		5
2013	138		7
2013	139		5
2013	140		2
2013	141		5
2013	142		5
2013	143		3
2013	144		1
2013	145		3
2013	146		2
2013	147		1
2013	149		2
2013	150		1
2013	151		1
2013	152		2
2013	155		2
2013	156		1
2013	157		1
2014	109	"1"	2
2014	111	"1"	1
2014	112	"1"	3
2014	113	"1"	5
2014	114	"1"	1
2014	115	"1"	4
2014	116	"1"	3
2014	117	"1"	5
2014	118	"1"	9
2014	119	"1"	4
2014	120	"1"	2
2014	121	"1"	3
2014	122	"1"	7
2014	123	"1"	6
2014	124	"1"	5
2014	125	"1"	8
2014	126	"1"	2
2014	127	"1"	9
2014	128	"1"	5
2014	129	"1"	2
2014	130	"1"	5
2014	131	"1"	4
2014	132	"1"	11
2014	133	"1"	2
2014	134	"1"	3
2014	135	"1"	6
2014	136	"1"	3
2014	137	"1"	5
2014	139	"1"	3
2014	140	"1"	3
2014	141	"1"	3
2014	142	"1"	5
2014	143	"1"	3
2014	144	"1"	2
2014	145	"1"	6
2014	146	"1"	3
2014	147	"1"	2
2014	148	"1"	4
2014	150	"1"	2
2014	151	"1"	1
2014	152	"1"	1
2014	154	"1"	2
2014	156	"1"	1
2014	157	"1"	1
2014	158	"1"	1
2014	159	"1"	1
2014	164	"1"	1
2014	124	"2"	1
2014	126	"2"	1
2014	127	"2"	2
2014	131	"2"	2
2014	132	"2"	1
2014	133	"2"	1
2014	135	"2"	4
2014	136	"2"	1
2014	137	"2"	1
2014	138	"2"	1
2014	139	"2"	1
2014	140	"2"	2
2014	142	"2"	2
2014	143	"2"	3
2014	145	"2"	4
2014	146	"2"	4
2014	147	"2"	5
2014	148	"2"	1
2014	150	"2"	2
2014	151	"2"	3
2014	152	"2"	4
2014	153	"2"	1
2014	154	"2"	1
2014	155	"2"	5
2014	156	"2"	1
2014	157	"2"	2
2014	159	"2"	3
2014	160	"2"	3
2014	161	"2"	2
2014	162	"2"	5
2014	164	"2"	1
2014	165	"2"	1
2014	167	"2"	1
2014	168	"2"	1
2014	169	"2"	1
2014	171	"2"	1
2014	172	"2"	2
2014	173	"2"	2
2014	175	"2"	1
2014	176	"2"	1
2014	107		1
2014	111		1
2014	112		2
2014	114		1
2014	115		1
2014	116		5
2014	117		2
2014	118		7
2014	119		8
2014	120		6
2014	121		13
2014	122		12
2014	123		14
2014	124		11
2014	125		31
2014	126		15
2014	127		27
2014	128		21
2014	129		13
2014	130		21
2014	131		19
2014	132		40
2014	133		18
2014	134		16
2014	135		26
2014	136		22
2014	137		31
2014	138		25
2014	139		11
2014	140		5
2014	141		9
2014	142		10
2014	143		9
2014	144		3
2014	145		6
2014	146		1
2014	147		6
2014	148		3
2014	149		4
2014	152		3
2014	153		4
2014	155		1
2014	162		1
2014	167		1
2015	101	"1"	1
2015	102	"1"	1
2015	104	"1"	4
2015	105	"1"	2
2015	106	"1"	1
2015	108	"1"	1
2015	109	"1"	4
2015	110	"1"	4
2015	111	"1"	2
2015	112	"1"	6
2015	113	"1"	2
2015	114	"1"	7
2015	115	"1"	5
2015	116	"1"	2
2015	117	"1"	6
2015	118	"1"	6
2015	119	"1"	1
2015	120	"1"	6
2015	121	"1"	4
2015	122	"1"	8
2015	123	"1"	4
2015	124	"1"	2
2015	125	"1"	4
2015	126	"1"	4
2015	127	"1"	6
2015	128	"1"	3
2015	129	"1"	3
2015	130	"1"	2
2015	131	"1"	3
2015	132	"1"	4
2015	133	"1"	1
2015	134	"1"	3
2015	135	"1"	3
2015	136	"1"	3
2015	137	"1"	2
2015	138	"1"	2
2015	139	"1"	3
2015	140	"1"	4
2015	141	"1"	1
2015	142	"1"	1
2015	144	"1"	3
2015	145	"1"	2
2015	147	"1"	1
2015	148	"1"	2
2015	149	"1"	1
2015	150	"1"	2
2015	152	"1"	3
2015	155	"1"	1
2015	157	"1"	1
2015	159	"1"	1
2015	160	"1"	1
2015	162	"1"	1
2015	113	"2"	1
2015	115	"2"	1
2015	118	"2"	1
2015	121	"2"	1
2015	124	"2"	2
2015	126	"2"	2
2015	127	"2"	1
2015	128	"2"	5
2015	129	"2"	3
2015	130	"2"	1
2015	131	"2"	5
2015	132	"2"	1
2015	134	"2"	2
2015	135	"2"	1
2015	136	"2"	4
2015	137	"2"	3
2015	138	"2"	3
2015	139	"2"	3
2015	140	"2"	1
2015	141	"2"	5
2015	142	"2"	4
2015	143	"2"	3
2015	144	"2"	4
2015	145	"2"	4
2015	146	"2"	8
2015	147	"2"	1
2015	148	"2"	3
2015	149	"2"	4
2015	150	"2"	2
2015	151	"2"	3
2015	152	"2"	2
2015	153	"2"	4
2015	154	"2"	7
2015	155	"2"	6
2015	156	"2"	1
2015	157	"2"	3
2015	158	"2"	1
2015	159	"2"	5
2015	160	"2"	3
2015	161	"2"	1
2015	162	"2"	4
2015	163	"2"	2
2015	164	"2"	3
2015	165	"2"	3
2015	166	"2"	1
2015	167	"2"	1
2015	168	"2"	1
2015	170	"2"	1
2015	172	"2"	1
2015	175	"2"	1
2015	152	"3"	1
2015	100		1
2015	103		1
2015	104		1
2015	107		3
2015	108		6
2015	109		2
2015	110		4
2015	111		3
2015	112		7
2015	113		2
2015	114		10
2015	115		11
2015	116		28
2015	117		21
2015	118		18
2015	119		20
2015	120		23
2015	121		29
2015	122		43
2015	123		29
2015	124		22
2015	125		43
2015	126		32
2015	127		48
2015	128		26
2015	129		36
2015	130		29
2015	131		34
2015	132		54
2015	133		37
2015	134		30
2015	135		18
2015	136		38
2015	137		31
2015	138		25
2015	139		11
2015	140		27
2015	141		11
2015	142		15
2015	143		20
2015	144		11
2015	145		3
2015	146		10
2015	147		17
2015	148		6
2015	149		4
2015	150		5
2015	151		4
2015	152		6
2015	153		9
2015	154		3
2015	155		2
2015	157		1
2015	159		2
2015	161		2
2015	162		2
2015	163		1
2015	164		1
2016	105	"1"	1
2016	106	"1"	1
2016	107	"1"	1
2016	108	"1"	1
2016	109	"1"	1
2016	110	"1"	1
2016	111	"1"	4
2016	112	"1"	7
2016	113	"1"	4
2016	114	"1"	5
2016	115	"1"	7
2016	116	"1"	5
2016	117	"1"	7
2016	118	"1"	5
2016	119	"1"	8
2016	120	"1"	9
2016	121	"1"	4
2016	122	"1"	9
2016	123	"1"	9
2016	124	"1"	9
2016	125	"1"	11
2016	126	"1"	6
2016	127	"1"	4
2016	128	"1"	13
2016	129	"1"	10
2016	130	"1"	10
2016	131	"1"	12
2016	132	"1"	9
2016	133	"1"	5
2016	134	"1"	8
2016	135	"1"	7
2016	136	"1"	11
2016	137	"1"	4
2016	138	"1"	7
2016	139	"1"	5
2016	140	"1"	5
2016	141	"1"	3
2016	142	"1"	3
2016	143	"1"	5
2016	144	"1"	2
2016	145	"1"	2
2016	149	"1"	1
2016	150	"1"	1
2016	151	"1"	1
2016	156	"1"	1
2016	112	"2"	1
2016	116	"2"	2
2016	117	"2"	1
2016	118	"2"	1
2016	120	"2"	1
2016	122	"2"	1
2016	123	"2"	2
2016	124	"2"	1
2016	125	"2"	2
2016	126	"2"	1
2016	127	"2"	1
2016	128	"2"	3
2016	129	"2"	2
2016	130	"2"	3
2016	131	"2"	1
2016	132	"2"	1
2016	133	"2"	2
2016	134	"2"	2
2016	135	"2"	3
2016	136	"2"	3
2016	138	"2"	2
2016	140	"2"	5
2016	141	"2"	4
2016	142	"2"	4
2016	143	"2"	2
2016	144	"2"	4
2016	145	"2"	1
2016	146	"2"	3
2016	147	"2"	1
2016	148	"2"	5
2016	149	"2"	1
2016	151	"2"	2
2016	152	"2"	6
2016	154	"2"	2
2016	155	"2"	5
2016	156	"2"	2
2016	157	"2"	1
2016	158	"2"	1
2016	159	"2"	1
2016	162	"2"	2
2016	163	"2"	1
2016	164	"2"	2
2016	166	"2"	1
2016	170	"2"	1
2016	172	"2"	1
2016	101		1
2016	109		1
2016	112		1
2016	113		1
2016	116		2
2016	117		1
2016	118		3
2016	119		2
2016	120		6
2016	121		5
2016	122		7
2016	123		5
2016	124		7
2016	125		5
2016	126		12
2016	127		7
2016	128		10
2016	129		10
2016	130		13
2016	131		7
2016	132		10
2016	133		10
2016	134		1
2016	135		8
2016	136		3
2016	137		6
2016	138		5
2016	139		8
2016	140		3
2016	141		5
2016	142		1
2016	144		2
2016	146		1
2016	148		1
2016	149		1
2016	157		1
2016	162		1
2016			1
2017	107	"1"	1
2017	111	"1"	1
2017	112	"1"	1
2017	113	"1"	5
2017	114	"1"	7
2017	115	"1"	4
2017	116	"1"	2
2017	117	"1"	7
2017	118	"1"	3
2017	119	"1"	5
2017	120	"1"	4
2017	121	"1"	3
2017	122	"1"	3
2017	123	"1"	5
2017	124	"1"	8
2017	125	"1"	3
2017	126	"1"	2
2017	127	"1"	3
2017	128	"1"	5
2017	129	"1"	3
2017	130	"1"	3
2017	131	"1"	5
2017	132	"1"	3
2017	133	"1"	6
2017	134	"1"	3
2017	135	"1"	2
2017	136	"1"	1
2017	138	"1"	2
2017	139	"1"	5
2017	140	"1"	5
2017	141	"1"	2
2017	142	"1"	3
2017	143	"1"	3
2017	144	"1"	3
2017	145	"1"	1
2017	146	"1"	2
2017	149	"1"	1
2017	150	"1"	1
2017	151	"1"	1
2017	152	"1"	2
2017	153	"1"	1
2017	155	"1"	1
2017	119	"2"	1
2017	122	"2"	1
2017	125	"2"	2
2017	126	"2"	2
2017	127	"2"	2
2017	130	"2"	3
2017	132	"2"	3
2017	133	"2"	4
2017	135	"2"	2
2017	136	"2"	3
2017	137	"2"	1
2017	138	"2"	4
2017	139	"2"	6
2017	140	"2"	2
2017	142	"2"	4
2017	143	"2"	6
2017	144	"2"	7
2017	145	"2"	2
2017	146	"2"	7
2017	147	"2"	4
2017	148	"2"	2
2017	149	"2"	6
2017	150	"2"	7
2017	151	"2"	2
2017	152	"2"	9
2017	153	"2"	6
2017	154	"2"	5
2017	155	"2"	7
2017	156	"2"	7
2017	157	"2"	3
2017	158	"2"	8
2017	159	"2"	7
2017	160	"2"	4
2017	161	"2"	1
2017	162	"2"	9
2017	163	"2"	3
2017	164	"2"	1
2017	165	"2"	7
2017	166	"2"	3
2017	167	"2"	4
2017	168	"2"	2
2017	169	"2"	4
2017	170	"2"	4
2017	171	"2"	1
2017	173	"2"	2
2017	174	"2"	1
2017	178	"2"	1
2017	95		1
2017	113		1
2017	115		2
2017	116		5
2017	117		5
2017	118		6
2017	119		13
2017	120		6
2017	121		11
2017	122		13
2017	123		7
2017	124		14
2017	125		15
2017	126		16
2017	127		20
2017	128		17
2017	129		19
2017	130		16
2017	131		14
2017	132		19
2017	133		18
2017	134		14
2017	135		12
2017	136		14
2017	137		23
2017	138		11
2017	139		6
2017	140		4
2017	141		9
2017	142		2
2017	143		7
2017	144		4
2017	145		3
2017	146		7
2017	147		1
2017	149		2
2017	150		7
2017	151		2
2017	152		1
2017	153		1
2017	154		1
2017	156		3
2017	158		1
2017	161		1
2017	162		2
2017	165		1
2017	170		1
2018	130	.	2
2018	154	.	1
2018	110	"1"	1
2018	112	"1"	1
2018	114	"1"	2
2018	116	"1"	1
2018	117	"1"	4
2018	118	"1"	2
2018	120	"1"	1
2018	121	"1"	6
2018	122	"1"	5
2018	123	"1"	5
2018	124	"1"	13
2018	125	"1"	3
2018	126	"1"	11
2018	127	"1"	9
2018	128	"1"	12
2018	129	"1"	8
2018	130	"1"	9
2018	131	"1"	10
2018	132	"1"	19
2018	133	"1"	13
2018	134	"1"	7
2018	135	"1"	9
2018	136	"1"	13
2018	137	"1"	6
2018	138	"1"	11
2018	139	"1"	15
2018	140	"1"	12
2018	141	"1"	4
2018	142	"1"	15
2018	143	"1"	14
2018	144	"1"	7
2018	145	"1"	7
2018	146	"1"	9
2018	147	"1"	5
2018	148	"1"	15
2018	149	"1"	6
2018	150	"1"	15
2018	151	"1"	9
2018	152	"1"	6
2018	153	"1"	1
2018	154	"1"	3
2018	155	"1"	4
2018	156	"1"	1
2018	157	"1"	4
2018	158	"1"	2
2018	159	"1"	1
2018	162	"1"	1
2018	163	"1"	1
2018	165	"1"	1
2018	171	"1"	1
2018	119	"2"	1
2018	133	"2"	1
2018	134	"2"	1
2018	137	"2"	1
2018	139	"2"	1
2018	141	"2"	1
2018	143	"2"	1
2018	145	"2"	1
2018	146	"2"	2
2018	148	"2"	3
2018	149	"2"	1
2018	151	"2"	4
2018	154	"2"	2
2018	155	"2"	3
2018	156	"2"	2
2018	157	"2"	2
2018	158	"2"	1
2018	160	"2"	1
2018	163	"2"	3
2018	164	"2"	2
2018	165	"2"	2
2018	166	"2"	1
2018	168	"2"	1
2018	170	"2"	2
2018	176	"2"	1
2018	178	"2"	1
2018	110		1
2018	112		1
2018	122		1
2018	125		2
2018	127		2
2018	129		4
2018	130		1
2018	131		4
2018	132		4
2018	133		1
2018	134		1
2018	135		5
2018	136		6
2018	137		3
2018	138		4
2018	139		1
2018	140		4
2018	141		4
2018	142		2
2018	143		2
2018	144		2
2018	145		2
2018	146		3
2018	148		2
2018	149		1
2018	151		1
2018	154		1
2019	129	.	1
2019	105	"1"	1
2019	106	"1"	3
2019	108	"1"	2
2019	109	"1"	2
2019	110	"1"	4
2019	111	"1"	4
2019	112	"1"	4
2019	113	"1"	5
2019	114	"1"	5
2019	115	"1"	2
2019	116	"1"	7
2019	117	"1"	6
2019	118	"1"	4
2019	119	"1"	13
2019	120	"1"	4
2019	121	"1"	7
2019	122	"1"	1
2019	123	"1"	9
2019	124	"1"	5
2019	125	"1"	5
2019	126	"1"	7
2019	127	"1"	4
2019	128	"1"	12
2019	129	"1"	6
2019	130	"1"	10
2019	131	"1"	3
2019	132	"1"	6
2019	133	"1"	4
2019	134	"1"	7
2019	135	"1"	10
2019	136	"1"	3
2019	137	"1"	7
2019	138	"1"	3
2019	139	"1"	2
2019	140	"1"	2
2019	141	"1"	6
2019	142	"1"	5
2019	143	"1"	7
2019	144	"1"	6
2019	145	"1"	7
2019	146	"1"	3
2019	147	"1"	2
2019	148	"1"	3
2019	149	"1"	2
2019	151	"1"	2
2019	153	"1"	1
2019	154	"1"	2
2019	156	"1"	2
2019	157	"1"	1
2019	167	"1"	1
2019	171	"1"	1
2019	173	"1"	1
2019	126	"2"	1
2019	133	"2"	1
2019	136	"2"	1
2019	138	"2"	3
2019	140	"2"	2
2019	141	"2"	1
2019	142	"2"	2
2019	143	"2"	3
2019	144	"2"	1
2019	145	"2"	3
2019	146	"2"	3
2019	147	"2"	2
2019	148	"2"	2
2019	149	"2"	3
2019	150	"2"	3
2019	151	"2"	3
2019	153	"2"	3
2019	154	"2"	1
2019	155	"2"	2
2019	156	"2"	3
2019	157	"2"	2
2019	158	"2"	2
2019	159	"2"	7
2019	160	"2"	2
2019	161	"2"	3
2019	162	"2"	1
2019	163	"2"	1
2019	164	"2"	1
2019	165	"2"	2
2019	166	"2"	3
2019	167	"2"	4
2019	169	"2"	1
2019	170	"2"	1
2019	171	"2"	1
2019	172	"2"	4
2019	173	"2"	2
2019	174	"2"	1
2019	176	"2"	1
2019	179	"2"	2
2019	184	"2"	1
2019	186	"2"	1
2019	187	"2"	1
2019	102		1
2019	112		1
2019	113		5
2019	114		1
2019	115		7
2019	116		1
2019	117		5
2019	118		8
2019	119		6
2019	120		10
2019	121		16
2019	122		11
2019	123		22
2019	124		9
2019	125		10
2019	126		10
2019	127		10
2019	128		12
2019	129		14
2019	130		23
2019	131		14
2019	132		18
2019	133		16
2019	134		13
2019	135		17
2019	136		13
2019	137		13
2019	138		6
2019	139		6
2019	140		10
2019	141		11
2019	142		10
2019	143		16
2019	144		9
2019	145		13
2019	146		6
2019	148		3
2019	149		3
2019	151		1
2019	152		2
2019	155		1
2019	157		1
2019	158		1
2019	162		1
2019	166		1
2019	172		2
2020	108	"1"	1
2020	111	"1"	2
2020	112	"1"	2
2020	113	"1"	4
2020	114	"1"	2
2020	115	"1"	12
2020	116	"1"	3
2020	117	"1"	3
2020	118	"1"	8
2020	119	"1"	4
2020	120	"1"	8
2020	121	"1"	7
2020	122	"1"	4
2020	123	"1"	5
2020	124	"1"	7
2020	125	"1"	3
2020	126	"1"	7
2020	127	"1"	5
2020	128	"1"	6
2020	129	"1"	8
2020	130	"1"	5
2020	131	"1"	9
2020	132	"1"	6
2020	133	"1"	5
2020	134	"1"	4
2020	135	"1"	3
2020	136	"1"	7
2020	137	"1"	7
2020	138	"1"	6
2020	139	"1"	5
2020	140	"1"	8
2020	141	"1"	10
2020	142	"1"	3
2020	143	"1"	1
2020	144	"1"	6
2020	145	"1"	8
2020	146	"1"	2
2020	147	"1"	2
2020	148	"1"	3
2020	149	"1"	5
2020	150	"1"	2
2020	151	"1"	2
2020	152	"1"	2
2020	153	"1"	1
2020	154	"1"	2
2020	155	"1"	2
2020	160	"1"	1
2020	167	"1"	1
2020	131	"2"	1
2020	134	"2"	1
2020	136	"2"	1
2020	139	"2"	1
2020	141	"2"	1
2020	142	"2"	2
2020	143	"2"	1
2020	145	"2"	3
2020	146	"2"	2
2020	147	"2"	2
2020	149	"2"	3
2020	151	"2"	2
2020	152	"2"	3
2020	156	"2"	2
2020	157	"2"	2
2020	158	"2"	1
2020	161	"2"	1
2020	164	"2"	1
2020	167	"2"	2
2020	169	"2"	2
2020	170	"2"	1
2020	176	"2"	1
2020	112		2
2020	113		2
2020	115		6
2020	116		3
2020	117		5
2020	118		8
2020	119		11
2020	120		15
2020	121		17
2020	122		12
2020	123		26
2020	124		9
2020	125		6
2020	126		21
2020	127		18
2020	128		22
2020	129		20
2020	130		28
2020	131		21
2020	132		35
2020	133		30
2020	134		39
2020	135		34
2020	136		33
2020	137		38
2020	138		31
2020	139		21
2020	140		20
2020	141		23
2020	142		19
2020	143		18
2020	144		12
2020	145		17
2020	146		6
2020	147		7
2020	148		3
2020	149		2
2020	150		2
2020	154		1
2020	155		1
2020	156		1
2020	157		1
2020	158		1
2020	167		1
2020	178		1
2020			1
2021	109	"1"	1
2021	111	"1"	1
2021	112	"1"	1
2021	115	"1"	1
2021	116	"1"	2
2021	117	"1"	2
2021	118	"1"	6
2021	119	"1"	3
2021	120	"1"	6
2021	121	"1"	6
2021	122	"1"	8
2021	123	"1"	6
2021	124	"1"	8
2021	125	"1"	10
2021	126	"1"	13
2021	127	"1"	13
2021	128	"1"	11
2021	129	"1"	20
2021	130	"1"	6
2021	131	"1"	10
2021	132	"1"	7
2021	133	"1"	9
2021	134	"1"	16
2021	135	"1"	17
2021	136	"1"	7
2021	137	"1"	6
2021	138	"1"	14
2021	139	"1"	11
2021	140	"1"	9
2021	141	"1"	6
2021	142	"1"	10
2021	143	"1"	6
2021	144	"1"	15
2021	145	"1"	11
2021	146	"1"	10
2021	147	"1"	8
2021	148	"1"	10
2021	149	"1"	5
2021	150	"1"	6
2021	151	"1"	6
2021	152	"1"	3
2021	153	"1"	4
2021	154	"1"	3
2021	155	"1"	1
2021	156	"1"	3
2021	157	"1"	1
2021	159	"1"	1
2021	160	"1"	1
2021	161	"1"	1
2021	165	"1"	1
2021	177	"1"	1
2021	133	"2"	1
2021	134	"2"	1
2021	139	"2"	1
2021	140	"2"	1
2021	143	"2"	1
2021	147	"2"	3
2021	148	"2"	2
2021	149	"2"	4
2021	150	"2"	4
2021	151	"2"	5
2021	152	"2"	4
2021	153	"2"	4
2021	154	"2"	4
2021	155	"2"	7
2021	156	"2"	5
2021	157	"2"	3
2021	158	"2"	2
2021	159	"2"	4
2021	160	"2"	1
2021	161	"2"	3
2021	163	"2"	6
2021	164	"2"	6
2021	165	"2"	4
2021	166	"2"	2
2021	167	"2"	6
2021	168	"2"	3
2021	169	"2"	3
2021	170	"2"	2
2021	171	"2"	2
2021	172	"2"	3
2021	174	"2"	5
2021	175	"2"	2
2021	177	"2"	2
2021	178	"2"	1
2021	112		1
2021	119		1
2021	120		4
2021	121		1
2021	122		5
2021	123		6
2021	124		9
2021	125		8
2021	126		12
2021	127		13
2021	128		19
2021	129		18
2021	130		31
2021	131		24
2021	132		31
2021	133		32
2021	134		33
2021	135		20
2021	136		28
2021	137		34
2021	138		33
2021	139		35
2021	140		19
2021	141		26
2021	142		26
2021	143		22
2021	144		9
2021	145		15
2021	146		10
2021	147		10
2021	148		7
2021	149		13
2021	150		6
2021	151		5
2021	152		4
2021	153		4
2021	154		6
2021	155		4
2021	156		3
2021	157		3
2021	158		2
2021	159		1
2021	162		1
2021	168		1
2021	170		1
2022	164	.	1
2022	167	.	1
2022	117	"1"	1
2022	119	"1"	2
2022	123	"1"	1
2022	125	"1"	2
2022	126	"1"	1
2022	127	"1"	1
2022	128	"1"	2
2022	129	"1"	7
2022	130	"1"	3
2022	131	"1"	5
2022	132	"1"	8
2022	133	"1"	5
2022	134	"1"	7
2022	135	"1"	6
2022	136	"1"	9
2022	137	"1"	7
2022	138	"1"	6
2022	139	"1"	4
2022	140	"1"	7
2022	141	"1"	7
2022	142	"1"	2
2022	143	"1"	16
2022	144	"1"	8
2022	145	"1"	4
2022	146	"1"	11
2022	147	"1"	12
2022	148	"1"	6
2022	149	"1"	1
2022	150	"1"	4
2022	151	"1"	8
2022	152	"1"	5
2022	153	"1"	5
2022	154	"1"	4
2022	155	"1"	3
2022	156	"1"	2
2022	157	"1"	2
2022	158	"1"	2
2022	159	"1"	1
2022	160	"1"	2
2022	165	"1"	1
2022	172	"1"	1
2022	183	"1"	1
2022	134	"2"	1
2022	137	"2"	1
2022	139	"2"	1
2022	143	"2"	1
2022	144	"2"	1
2022	145	"2"	1
2022	146	"2"	3
2022	147	"2"	2
2022	148	"2"	1
2022	149	"2"	3
2022	150	"2"	3
2022	151	"2"	5
2022	153	"2"	2
2022	154	"2"	4
2022	155	"2"	1
2022	156	"2"	3
2022	157	"2"	4
2022	158	"2"	4
2022	159	"2"	3
2022	160	"2"	2
2022	161	"2"	4
2022	162	"2"	2
2022	163	"2"	2
2022	164	"2"	2
2022	165	"2"	2
2022	166	"2"	5
2022	167	"2"	6
2022	168	"2"	2
2022	169	"2"	4
2022	170	"2"	6
2022	171	"2"	6
2022	172	"2"	2
2022	173	"2"	3
2022	174	"2"	7
2022	175	"2"	2
2022	176	"2"	2
2022	177	"2"	2
2022	178	"2"	3
2022	179	"2"	1
2022	180	"2"	2
2022	181	"2"	2
2022	182	"2"	1
2022	186	"2"	1
2022	187	"2"	1
2022	195	"2"	1
2022	204	"2"	1
2022	125		1
2022	126		2
2022	128		1
2022	129		4
2022	130		2
2022	131		1
2022	132		4
2022	133		2
2022	134		9
2022	135		7
2022	136		11
2022	137		10
2022	138		14
2022	139		10
2022	140		28
2022	141		16
2022	142		13
2022	143		51
2022	144		28
2022	145		18
2022	146		19
2022	147		15
2022	148		9
2022	149		7
2022	150		9
2022	151		13
2022	152		12
2022	153		3
2022	154		5
2022	155		9
2022	156		5
2022	157		1
2022	158		7
2022	160		1
2022	161		2
2022	164		1
2022	165		3
2022	166		2
2022	167		1
2022	168		1
2022	172		1
2022	173		1
2022	175		4
2022	179		1
2023	107	"1"	1
2023	110	"1"	1
2023	111	"1"	2
2023	114	"1"	2
2023	115	"1"	2
2023	116	"1"	1
2023	117	"1"	2
2023	118	"1"	3
2023	119	"1"	5
2023	120	"1"	6
2023	121	"1"	5
2023	122	"1"	3
2023	123	"1"	4
2023	124	"1"	3
2023	125	"1"	2
2023	126	"1"	6
2023	127	"1"	5
2023	128	"1"	5
2023	129	"1"	6
2023	130	"1"	6
2023	131	"1"	10
2023	132	"1"	3
2023	133	"1"	3
2023	134	"1"	3
2023	135	"1"	4
2023	136	"1"	4
2023	137	"1"	9
2023	138	"1"	11
2023	140	"1"	2
2023	141	"1"	8
2023	142	"1"	5
2023	143	"1"	6
2023	144	"1"	9
2023	145	"1"	11
2023	146	"1"	7
2023	147	"1"	4
2023	148	"1"	1
2023	149	"1"	1
2023	150	"1"	2
2023	151	"1"	3
2023	152	"1"	1
2023	153	"1"	1
2023	154	"1"	1
2023	156	"1"	1
2023	159	"1"	1
2023	117	"2"	1
2023	123	"2"	1
2023	130	"2"	1
2023	138	"2"	1
2023	148	"2"	1
2023	151	"2"	2
2023	152	"2"	1
2023	153	"2"	4
2023	154	"2"	1
2023	155	"2"	3
2023	157	"2"	3
2023	159	"2"	1
2023	160	"2"	1
2023	162	"2"	1
2023	163	"2"	2
2023	168	"2"	1
2023	169	"2"	2
2023	170	"2"	1
2023	174	"2"	1
2023	177	"2"	1
2023	112		1
2023	113		1
2023	114		1
2023	115		1
2023	116		4
2023	118		4
2023	119		4
2023	120		11
2023	121		9
2023	122		5
2023	123		9
2023	124		9
2023	125		12
2023	126		13
2023	127		15
2023	128		16
2023	129		11
2023	130		30
2023	131		29
2023	132		23
2023	133		31
2023	134		26
2023	135		30
2023	136		32
2023	137		22
2023	138		20
2023	139		23
2023	140		13
2023	141		32
2023	142		18
2023	143		22
2023	144		16
2023	145		10
2023	146		4
2023	147		5
2023	148		3
2023	152		1
2023	163		1
2023			1
